<annotation>
	<folder>train</folder>
	<filename>image_166.png</filename>
	<path>C:\Users\asus\Downloads\training\images\train\image_166.png</path>
	<source>
		<database>Unknown</database>
	</source>
	<size>
		<width>640</width>
		<height>480</height>
		<depth>3</depth>
	</size>
	<segmented>0</segmented>
	<object>
		<name>Household : Recyclable</name>
		<pose>Unspecified</pose>
		<truncated>0</truncated>
		<difficult>0</difficult>
		<bndbox>
			<xmin>199</xmin>
			<ymin>132</ymin>
			<xmax>254</xmax>
			<ymax>232</ymax>
		</bndbox>
	</object>
	<object>
		<name>Household : General</name>
		<pose>Unspecified</pose>
		<truncated>0</truncated>
		<difficult>0</difficult>
		<bndbox>
			<xmin>249</xmin>
			<ymin>221</ymin>
			<xmax>279</xmax>
			<ymax>270</ymax>
		</bndbox>
	</object>
</annotation>
