<annotation>
	<folder>train</folder>
	<filename>image_175.png</filename>
	<path>C:\Users\asus\Downloads\training\images\train\image_175.png</path>
	<source>
		<database>Unknown</database>
	</source>
	<size>
		<width>480</width>
		<height>640</height>
		<depth>3</depth>
	</size>
	<segmented>0</segmented>
	<object>
		<name>Household : General</name>
		<pose>Unspecified</pose>
		<truncated>0</truncated>
		<difficult>0</difficult>
		<bndbox>
			<xmin>250</xmin>
			<ymin>180</ymin>
			<xmax>299</xmax>
			<ymax>294</ymax>
		</bndbox>
	</object>
	<object>
		<name>Household : Bio-degradable</name>
		<pose>Unspecified</pose>
		<truncated>0</truncated>
		<difficult>0</difficult>
		<bndbox>
			<xmin>197</xmin>
			<ymin>3</ymin>
			<xmax>398</xmax>
			<ymax>179</ymax>
		</bndbox>
	</object>
	<object>
		<name>Household : Bio-degradable</name>
		<pose>Unspecified</pose>
		<truncated>0</truncated>
		<difficult>0</difficult>
		<bndbox>
			<xmin>170</xmin>
			<ymin>101</ymin>
			<xmax>402</xmax>
			<ymax>533</ymax>
		</bndbox>
	</object>
</annotation>
