<annotation>
	<folder>train</folder>
	<filename>image_142.png</filename>
	<path>C:\Users\asus\Downloads\training\images\train\image_142.png</path>
	<source>
		<database>Unknown</database>
	</source>
	<size>
		<width>480</width>
		<height>640</height>
		<depth>3</depth>
	</size>
	<segmented>0</segmented>
	<object>
		<name>Industrial : Health-Hazards</name>
		<pose>Unspecified</pose>
		<truncated>0</truncated>
		<difficult>0</difficult>
		<bndbox>
			<xmin>306</xmin>
			<ymin>345</ymin>
			<xmax>327</xmax>
			<ymax>370</ymax>
		</bndbox>
	</object>
	<object>
		<name>Household : Recyclable</name>
		<pose>Unspecified</pose>
		<truncated>0</truncated>
		<difficult>0</difficult>
		<bndbox>
			<xmin>240</xmin>
			<ymin>298</ymin>
			<xmax>286</xmax>
			<ymax>357</ymax>
		</bndbox>
	</object>
	<object>
		<name>Industrial : Health-Hazards</name>
		<pose>Unspecified</pose>
		<truncated>0</truncated>
		<difficult>0</difficult>
		<bndbox>
			<xmin>270</xmin>
			<ymin>355</ymin>
			<xmax>285</xmax>
			<ymax>368</ymax>
		</bndbox>
	</object>
	<object>
		<name>Industrial : Health-Hazards</name>
		<pose>Unspecified</pose>
		<truncated>0</truncated>
		<difficult>0</difficult>
		<bndbox>
			<xmin>33</xmin>
			<ymin>545</ymin>
			<xmax>50</xmax>
			<ymax>572</ymax>
		</bndbox>
	</object>
</annotation>
