<annotation>
	<folder>train</folder>
	<filename>image_182.png</filename>
	<path>C:\Users\asus\Downloads\training\images\train\image_182.png</path>
	<source>
		<database>Unknown</database>
	</source>
	<size>
		<width>640</width>
		<height>480</height>
		<depth>3</depth>
	</size>
	<segmented>0</segmented>
	<object>
		<name>Household : General</name>
		<pose>Unspecified</pose>
		<truncated>0</truncated>
		<difficult>0</difficult>
		<bndbox>
			<xmin>292</xmin>
			<ymin>289</ymin>
			<xmax>395</xmax>
			<ymax>366</ymax>
		</bndbox>
	</object>
</annotation>
