<annotation>
	<folder>train</folder>
	<filename>image_171.png</filename>
	<path>C:\Users\asus\Downloads\training\images\train\image_171.png</path>
	<source>
		<database>Unknown</database>
	</source>
	<size>
		<width>480</width>
		<height>640</height>
		<depth>3</depth>
	</size>
	<segmented>0</segmented>
	<object>
		<name>Household : Recyclable</name>
		<pose>Unspecified</pose>
		<truncated>0</truncated>
		<difficult>0</difficult>
		<bndbox>
			<xmin>265</xmin>
			<ymin>406</ymin>
			<xmax>342</xmax>
			<ymax>458</ymax>
		</bndbox>
	</object>
	<object>
		<name>Household : Bio-degradable</name>
		<pose>Unspecified</pose>
		<truncated>0</truncated>
		<difficult>0</difficult>
		<bndbox>
			<xmin>19</xmin>
			<ymin>16</ymin>
			<xmax>113</xmax>
			<ymax>358</ymax>
		</bndbox>
	</object>
</annotation>
