<annotation>
	<folder>train</folder>
	<filename>image_139.png</filename>
	<path>C:\Users\asus\Downloads\training\images\train\image_139.png</path>
	<source>
		<database>Unknown</database>
	</source>
	<size>
		<width>480</width>
		<height>640</height>
		<depth>3</depth>
	</size>
	<segmented>0</segmented>
	<object>
		<name>Household : Recyclable</name>
		<pose>Unspecified</pose>
		<truncated>0</truncated>
		<difficult>0</difficult>
		<bndbox>
			<xmin>352</xmin>
			<ymin>243</ymin>
			<xmax>435</xmax>
			<ymax>291</ymax>
		</bndbox>
	</object>
	<object>
		<name>Household : Bio-degradable</name>
		<pose>Unspecified</pose>
		<truncated>0</truncated>
		<difficult>0</difficult>
		<bndbox>
			<xmin>2</xmin>
			<ymin>205</ymin>
			<xmax>112</xmax>
			<ymax>365</ymax>
		</bndbox>
	</object>
</annotation>
