<annotation>
	<folder>train</folder>
	<filename>image_167.png</filename>
	<path>C:\Users\asus\Downloads\training\images\train\image_167.png</path>
	<source>
		<database>Unknown</database>
	</source>
	<size>
		<width>640</width>
		<height>480</height>
		<depth>3</depth>
	</size>
	<segmented>0</segmented>
	<object>
		<name>Household : Recyclable</name>
		<pose>Unspecified</pose>
		<truncated>0</truncated>
		<difficult>0</difficult>
		<bndbox>
			<xmin>209</xmin>
			<ymin>170</ymin>
			<xmax>274</xmax>
			<ymax>237</ymax>
		</bndbox>
	</object>
	<object>
		<name>Household : Bio-degradable</name>
		<pose>Unspecified</pose>
		<truncated>1</truncated>
		<difficult>0</difficult>
		<bndbox>
			<xmin>1</xmin>
			<ymin>118</ymin>
			<xmax>201</xmax>
			<ymax>197</ymax>
		</bndbox>
	</object>
</annotation>
