<annotation>
	<folder>train</folder>
	<filename>image_120.png</filename>
	<path>C:\Users\asus\Downloads\training\images\train\image_120.png</path>
	<source>
		<database>Unknown</database>
	</source>
	<size>
		<width>640</width>
		<height>480</height>
		<depth>3</depth>
	</size>
	<segmented>0</segmented>
	<object>
		<name>Household : General</name>
		<pose>Unspecified</pose>
		<truncated>0</truncated>
		<difficult>0</difficult>
		<bndbox>
			<xmin>279</xmin>
			<ymin>87</ymin>
			<xmax>385</xmax>
			<ymax>140</ymax>
		</bndbox>
	</object>
	<object>
		<name>Good</name>
		<pose>Unspecified</pose>
		<truncated>0</truncated>
		<difficult>0</difficult>
		<bndbox>
			<xmin>207</xmin>
			<ymin>156</ymin>
			<xmax>516</xmax>
			<ymax>288</ymax>
		</bndbox>
	</object>
</annotation>
