<annotation>
	<folder>train</folder>
	<filename>image_198.png</filename>
	<path>C:\Users\asus\Downloads\training\images\train\image_198.png</path>
	<source>
		<database>Unknown</database>
	</source>
	<size>
		<width>480</width>
		<height>640</height>
		<depth>3</depth>
	</size>
	<segmented>0</segmented>
	<object>
		<name>Household : General</name>
		<pose>Unspecified</pose>
		<truncated>0</truncated>
		<difficult>0</difficult>
		<bndbox>
			<xmin>111</xmin>
			<ymin>266</ymin>
			<xmax>180</xmax>
			<ymax>365</ymax>
		</bndbox>
	</object>
	<object>
		<name>Household : General</name>
		<pose>Unspecified</pose>
		<truncated>0</truncated>
		<difficult>0</difficult>
		<bndbox>
			<xmin>283</xmin>
			<ymin>205</ymin>
			<xmax>346</xmax>
			<ymax>247</ymax>
		</bndbox>
	</object>
	<object>
		<name>Industrial : Recyclable</name>
		<pose>Unspecified</pose>
		<truncated>1</truncated>
		<difficult>0</difficult>
		<bndbox>
			<xmin>363</xmin>
			<ymin>170</ymin>
			<xmax>480</xmax>
			<ymax>271</ymax>
		</bndbox>
	</object>
</annotation>
