<annotation>
	<folder>train</folder>
	<filename>image_178.png</filename>
	<path>C:\Users\asus\Downloads\training\images\train\image_178.png</path>
	<source>
		<database>Unknown</database>
	</source>
	<size>
		<width>434</width>
		<height>639</height>
		<depth>3</depth>
	</size>
	<segmented>0</segmented>
	<object>
		<name>Household : General</name>
		<pose>Unspecified</pose>
		<truncated>0</truncated>
		<difficult>0</difficult>
		<bndbox>
			<xmin>181</xmin>
			<ymin>243</ymin>
			<xmax>289</xmax>
			<ymax>356</ymax>
		</bndbox>
	</object>
</annotation>
