<annotation>
	<folder>train</folder>
	<filename>image_121.png</filename>
	<path>C:\Users\asus\Downloads\training\images\train\image_121.png</path>
	<source>
		<database>Unknown</database>
	</source>
	<size>
		<width>480</width>
		<height>640</height>
		<depth>3</depth>
	</size>
	<segmented>0</segmented>
	<object>
		<name>Household : Recyclable</name>
		<pose>Unspecified</pose>
		<truncated>0</truncated>
		<difficult>0</difficult>
		<bndbox>
			<xmin>272</xmin>
			<ymin>30</ymin>
			<xmax>393</xmax>
			<ymax>492</ymax>
		</bndbox>
	</object>
	<object>
		<name>Household : Recyclable</name>
		<pose>Unspecified</pose>
		<truncated>0</truncated>
		<difficult>0</difficult>
		<bndbox>
			<xmin>200</xmin>
			<ymin>5</ymin>
			<xmax>301</xmax>
			<ymax>322</ymax>
		</bndbox>
	</object>
</annotation>
