<annotation>
	<folder>train</folder>
	<filename>image_145.png</filename>
	<path>C:\Users\asus\Downloads\training\images\train\image_145.png</path>
	<source>
		<database>Unknown</database>
	</source>
	<size>
		<width>480</width>
		<height>640</height>
		<depth>3</depth>
	</size>
	<segmented>0</segmented>
	<object>
		<name>Household : Recyclable</name>
		<pose>Unspecified</pose>
		<truncated>0</truncated>
		<difficult>0</difficult>
		<bndbox>
			<xmin>196</xmin>
			<ymin>412</ymin>
			<xmax>322</xmax>
			<ymax>427</ymax>
		</bndbox>
	</object>
	<object>
		<name>Industrial : Health-Hazards</name>
		<pose>Unspecified</pose>
		<truncated>0</truncated>
		<difficult>0</difficult>
		<bndbox>
			<xmin>193</xmin>
			<ymin>400</ymin>
			<xmax>224</xmax>
			<ymax>414</ymax>
		</bndbox>
	</object>
	<object>
		<name>Industrial : Health-Hazards</name>
		<pose>Unspecified</pose>
		<truncated>0</truncated>
		<difficult>0</difficult>
		<bndbox>
			<xmin>184</xmin>
			<ymin>404</ymin>
			<xmax>201</xmax>
			<ymax>433</ymax>
		</bndbox>
	</object>
	<object>
		<name>Household : Bio-degradable</name>
		<pose>Unspecified</pose>
		<truncated>0</truncated>
		<difficult>0</difficult>
		<bndbox>
			<xmin>126</xmin>
			<ymin>355</ymin>
			<xmax>334</xmax>
			<ymax>524</ymax>
		</bndbox>
	</object>
</annotation>
