<annotation>
	<folder>train</folder>
	<filename>image_173.png</filename>
	<path>C:\Users\asus\Downloads\training\images\train\image_173.png</path>
	<source>
		<database>Unknown</database>
	</source>
	<size>
		<width>480</width>
		<height>640</height>
		<depth>3</depth>
	</size>
	<segmented>0</segmented>
	<object>
		<name>Household : Recyclable</name>
		<pose>Unspecified</pose>
		<truncated>0</truncated>
		<difficult>0</difficult>
		<bndbox>
			<xmin>247</xmin>
			<ymin>251</ymin>
			<xmax>297</xmax>
			<ymax>332</ymax>
		</bndbox>
	</object>
	<object>
		<name>Household : Recyclable</name>
		<pose>Unspecified</pose>
		<truncated>0</truncated>
		<difficult>0</difficult>
		<bndbox>
			<xmin>402</xmin>
			<ymin>187</ymin>
			<xmax>437</xmax>
			<ymax>245</ymax>
		</bndbox>
	</object>
</annotation>
