<annotation>
	<folder>train</folder>
	<filename>image_179.png</filename>
	<path>C:\Users\asus\Downloads\training\images\train\image_179.png</path>
	<source>
		<database>Unknown</database>
	</source>
	<size>
		<width>639</width>
		<height>495</height>
		<depth>3</depth>
	</size>
	<segmented>0</segmented>
	<object>
		<name>Household : Recyclable</name>
		<pose>Unspecified</pose>
		<truncated>0</truncated>
		<difficult>0</difficult>
		<bndbox>
			<xmin>236</xmin>
			<ymin>199</ymin>
			<xmax>295</xmax>
			<ymax>218</ymax>
		</bndbox>
	</object>
	<object>
		<name>Household : Recyclable</name>
		<pose>Unspecified</pose>
		<truncated>0</truncated>
		<difficult>0</difficult>
		<bndbox>
			<xmin>403</xmin>
			<ymin>198</ymin>
			<xmax>446</xmax>
			<ymax>218</ymax>
		</bndbox>
	</object>
</annotation>
