<annotation>
	<folder>train</folder>
	<filename>image_141.png</filename>
	<path>C:\Users\asus\Downloads\training\images\train\image_141.png</path>
	<source>
		<database>Unknown</database>
	</source>
	<size>
		<width>480</width>
		<height>640</height>
		<depth>3</depth>
	</size>
	<segmented>0</segmented>
	<object>
		<name>Household : General</name>
		<pose>Unspecified</pose>
		<truncated>0</truncated>
		<difficult>0</difficult>
		<bndbox>
			<xmin>126</xmin>
			<ymin>462</ymin>
			<xmax>226</xmax>
			<ymax>553</ymax>
		</bndbox>
	</object>
	<object>
		<name>Household : Recyclable</name>
		<pose>Unspecified</pose>
		<truncated>0</truncated>
		<difficult>0</difficult>
		<bndbox>
			<xmin>333</xmin>
			<ymin>69</ymin>
			<xmax>361</xmax>
			<ymax>114</ymax>
		</bndbox>
	</object>
</annotation>
