<annotation>
	<folder>train</folder>
	<filename>image_125.png</filename>
	<path>C:\Users\asus\Downloads\training\images\train\image_125.png</path>
	<source>
		<database>Unknown</database>
	</source>
	<size>
		<width>480</width>
		<height>640</height>
		<depth>3</depth>
	</size>
	<segmented>0</segmented>
	<object>
		<name>Household : Recyclable</name>
		<pose>Unspecified</pose>
		<truncated>0</truncated>
		<difficult>0</difficult>
		<bndbox>
			<xmin>206</xmin>
			<ymin>341</ymin>
			<xmax>273</xmax>
			<ymax>427</ymax>
		</bndbox>
	</object>
	<object>
		<name>Household : Recyclable</name>
		<pose>Unspecified</pose>
		<truncated>0</truncated>
		<difficult>0</difficult>
		<bndbox>
			<xmin>220</xmin>
			<ymin>175</ymin>
			<xmax>302</xmax>
			<ymax>232</ymax>
		</bndbox>
	</object>
</annotation>
