<annotation>
	<folder>train</folder>
	<filename>image_103.png</filename>
	<path>C:\Users\asus\Downloads\training\images\train\image_103.png</path>
	<source>
		<database>Unknown</database>
	</source>
	<size>
		<width>640</width>
		<height>480</height>
		<depth>3</depth>
	</size>
	<segmented>0</segmented>
	<object>
		<name>Household : Recyclable</name>
		<pose>Unspecified</pose>
		<truncated>0</truncated>
		<difficult>0</difficult>
		<bndbox>
			<xmin>392</xmin>
			<ymin>155</ymin>
			<xmax>554</xmax>
			<ymax>281</ymax>
		</bndbox>
	</object>
	<object>
		<name>Household : General</name>
		<pose>Unspecified</pose>
		<truncated>0</truncated>
		<difficult>0</difficult>
		<bndbox>
			<xmin>131</xmin>
			<ymin>45</ymin>
			<xmax>370</xmax>
			<ymax>210</ymax>
		</bndbox>
	</object>
</annotation>
