<annotation>
	<folder>train</folder>
	<filename>image_192.png</filename>
	<path>C:\Users\asus\Downloads\training\images\train\image_192.png</path>
	<source>
		<database>Unknown</database>
	</source>
	<size>
		<width>640</width>
		<height>468</height>
		<depth>3</depth>
	</size>
	<segmented>0</segmented>
	<object>
		<name>Household : General</name>
		<pose>Unspecified</pose>
		<truncated>0</truncated>
		<difficult>0</difficult>
		<bndbox>
			<xmin>319</xmin>
			<ymin>11</ymin>
			<xmax>373</xmax>
			<ymax>121</ymax>
		</bndbox>
	</object>
</annotation>
