<annotation>
	<folder>train</folder>
	<filename>image_164.png</filename>
	<path>C:\Users\asus\Downloads\training\images\train\image_164.png</path>
	<source>
		<database>Unknown</database>
	</source>
	<size>
		<width>640</width>
		<height>480</height>
		<depth>3</depth>
	</size>
	<segmented>0</segmented>
	<object>
		<name>Household : Recyclable</name>
		<pose>Unspecified</pose>
		<truncated>0</truncated>
		<difficult>0</difficult>
		<bndbox>
			<xmin>415</xmin>
			<ymin>280</ymin>
			<xmax>454</xmax>
			<ymax>306</ymax>
		</bndbox>
	</object>
	<object>
		<name>Household : General</name>
		<pose>Unspecified</pose>
		<truncated>0</truncated>
		<difficult>0</difficult>
		<bndbox>
			<xmin>94</xmin>
			<ymin>362</ymin>
			<xmax>139</xmax>
			<ymax>424</ymax>
		</bndbox>
	</object>
</annotation>
