<annotation>
	<folder>train</folder>
	<filename>image_107.png</filename>
	<path>C:\Users\asus\Downloads\training\images\train\image_107.png</path>
	<source>
		<database>Unknown</database>
	</source>
	<size>
		<width>480</width>
		<height>640</height>
		<depth>3</depth>
	</size>
	<segmented>0</segmented>
	<object>
		<name>Household : Recyclable</name>
		<pose>Unspecified</pose>
		<truncated>0</truncated>
		<difficult>0</difficult>
		<bndbox>
			<xmin>90</xmin>
			<ymin>170</ymin>
			<xmax>285</xmax>
			<ymax>381</ymax>
		</bndbox>
	</object>
	<object>
		<name>Household : Recyclable</name>
		<pose>Unspecified</pose>
		<truncated>0</truncated>
		<difficult>0</difficult>
		<bndbox>
			<xmin>270</xmin>
			<ymin>304</ymin>
			<xmax>376</xmax>
			<ymax>421</ymax>
		</bndbox>
	</object>
</annotation>
