<annotation>
	<folder>train</folder>
	<filename>image_199.png</filename>
	<path>C:\Users\asus\Downloads\training\images\train\image_199.png</path>
	<source>
		<database>Unknown</database>
	</source>
	<size>
		<width>480</width>
		<height>640</height>
		<depth>3</depth>
	</size>
	<segmented>0</segmented>
	<object>
		<name>Household : Recyclable</name>
		<pose>Unspecified</pose>
		<truncated>0</truncated>
		<difficult>0</difficult>
		<bndbox>
			<xmin>157</xmin>
			<ymin>27</ymin>
			<xmax>276</xmax>
			<ymax>102</ymax>
		</bndbox>
	</object>
	<object>
		<name>Household : Recyclable</name>
		<pose>Unspecified</pose>
		<truncated>0</truncated>
		<difficult>0</difficult>
		<bndbox>
			<xmin>211</xmin>
			<ymin>280</ymin>
			<xmax>281</xmax>
			<ymax>451</ymax>
		</bndbox>
	</object>
</annotation>
