<annotation>
	<folder>train</folder>
	<filename>image_170.png</filename>
	<path>C:\Users\asus\Downloads\training\images\train\image_170.png</path>
	<source>
		<database>Unknown</database>
	</source>
	<size>
		<width>480</width>
		<height>640</height>
		<depth>3</depth>
	</size>
	<segmented>0</segmented>
	<object>
		<name>Household : Recyclable</name>
		<pose>Unspecified</pose>
		<truncated>0</truncated>
		<difficult>0</difficult>
		<bndbox>
			<xmin>212</xmin>
			<ymin>312</ymin>
			<xmax>252</xmax>
			<ymax>363</ymax>
		</bndbox>
	</object>
	<object>
		<name>Household : General</name>
		<pose>Unspecified</pose>
		<truncated>0</truncated>
		<difficult>0</difficult>
		<bndbox>
			<xmin>150</xmin>
			<ymin>444</ymin>
			<xmax>200</xmax>
			<ymax>508</ymax>
		</bndbox>
	</object>
</annotation>
