<annotation>
	<folder>train</folder>
	<filename>image_160.png</filename>
	<path>C:\Users\asus\Downloads\training\images\train\image_160.png</path>
	<source>
		<database>Unknown</database>
	</source>
	<size>
		<width>480</width>
		<height>640</height>
		<depth>3</depth>
	</size>
	<segmented>0</segmented>
	<object>
		<name>Household : Recyclable</name>
		<pose>Unspecified</pose>
		<truncated>0</truncated>
		<difficult>0</difficult>
		<bndbox>
			<xmin>104</xmin>
			<ymin>314</ymin>
			<xmax>191</xmax>
			<ymax>410</ymax>
		</bndbox>
	</object>
	<object>
		<name>Household : Recyclable</name>
		<pose>Unspecified</pose>
		<truncated>0</truncated>
		<difficult>0</difficult>
		<bndbox>
			<xmin>144</xmin>
			<ymin>230</ymin>
			<xmax>218</xmax>
			<ymax>302</ymax>
		</bndbox>
	</object>
	<object>
		<name>Household : Recyclable</name>
		<pose>Unspecified</pose>
		<truncated>0</truncated>
		<difficult>0</difficult>
		<bndbox>
			<xmin>281</xmin>
			<ymin>317</ymin>
			<xmax>349</xmax>
			<ymax>388</ymax>
		</bndbox>
	</object>
</annotation>
