<annotation>
	<folder>train</folder>
	<filename>image_130.png</filename>
	<path>C:\Users\asus\Downloads\training\images\train\image_130.png</path>
	<source>
		<database>Unknown</database>
	</source>
	<size>
		<width>480</width>
		<height>640</height>
		<depth>3</depth>
	</size>
	<segmented>0</segmented>
	<object>
		<name>Household : Recyclable</name>
		<pose>Unspecified</pose>
		<truncated>0</truncated>
		<difficult>0</difficult>
		<bndbox>
			<xmin>33</xmin>
			<ymin>370</ymin>
			<xmax>284</xmax>
			<ymax>500</ymax>
		</bndbox>
	</object>
	<object>
		<name>Household : Recyclable</name>
		<pose>Unspecified</pose>
		<truncated>0</truncated>
		<difficult>0</difficult>
		<bndbox>
			<xmin>253</xmin>
			<ymin>247</ymin>
			<xmax>433</xmax>
			<ymax>373</ymax>
		</bndbox>
	</object>
	<object>
		<name>Household : General</name>
		<pose>Unspecified</pose>
		<truncated>0</truncated>
		<difficult>0</difficult>
		<bndbox>
			<xmin>31</xmin>
			<ymin>280</ymin>
			<xmax>218</xmax>
			<ymax>375</ymax>
		</bndbox>
	</object>
</annotation>
