<annotation>
	<folder>train</folder>
	<filename>image_67.png</filename>
	<path>C:\Users\asus\Downloads\training\images\train\image_67.png</path>
	<source>
		<database>Unknown</database>
	</source>
	<size>
		<width>480</width>
		<height>640</height>
		<depth>3</depth>
	</size>
	<segmented>0</segmented>
	<object>
		<name>Household : Recyclable</name>
		<pose>Unspecified</pose>
		<truncated>0</truncated>
		<difficult>0</difficult>
		<bndbox>
			<xmin>63</xmin>
			<ymin>325</ymin>
			<xmax>229</xmax>
			<ymax>494</ymax>
		</bndbox>
	</object>
	<object>
		<name>Household : Recyclable</name>
		<pose>Unspecified</pose>
		<truncated>0</truncated>
		<difficult>0</difficult>
		<bndbox>
			<xmin>324</xmin>
			<ymin>213</ymin>
			<xmax>444</xmax>
			<ymax>448</ymax>
		</bndbox>
	</object>
</annotation>
