<annotation>
	<folder>train</folder>
	<filename>image_35.png</filename>
	<path>C:\Users\asus\Downloads\training\images\train\image_35.png</path>
	<source>
		<database>Unknown</database>
	</source>
	<size>
		<width>480</width>
		<height>640</height>
		<depth>3</depth>
	</size>
	<segmented>0</segmented>
	<object>
		<name>Household : Recyclable</name>
		<pose>Unspecified</pose>
		<truncated>0</truncated>
		<difficult>0</difficult>
		<bndbox>
			<xmin>203</xmin>
			<ymin>219</ymin>
			<xmax>309</xmax>
			<ymax>484</ymax>
		</bndbox>
	</object>
	<object>
		<name>Household : E-waste</name>
		<pose>Unspecified</pose>
		<truncated>0</truncated>
		<difficult>0</difficult>
		<bndbox>
			<xmin>142</xmin>
			<ymin>90</ymin>
			<xmax>219</xmax>
			<ymax>140</ymax>
		</bndbox>
	</object>
	<object>
		<name>Household : E-waste</name>
		<pose>Unspecified</pose>
		<truncated>0</truncated>
		<difficult>0</difficult>
		<bndbox>
			<xmin>13</xmin>
			<ymin>59</ymin>
			<xmax>307</xmax>
			<ymax>177</ymax>
		</bndbox>
	</object>
</annotation>
