<annotation>
	<folder>train</folder>
	<filename>image_23.png</filename>
	<path>C:\Users\asus\Downloads\training\images\train\image_23.png</path>
	<source>
		<database>Unknown</database>
	</source>
	<size>
		<width>480</width>
		<height>640</height>
		<depth>3</depth>
	</size>
	<segmented>0</segmented>
	<object>
		<name>Household : Recyclable</name>
		<pose>Unspecified</pose>
		<truncated>0</truncated>
		<difficult>0</difficult>
		<bndbox>
			<xmin>55</xmin>
			<ymin>279</ymin>
			<xmax>213</xmax>
			<ymax>547</ymax>
		</bndbox>
	</object>
	<object>
		<name>Household : Recyclable</name>
		<pose>Unspecified</pose>
		<truncated>0</truncated>
		<difficult>0</difficult>
		<bndbox>
			<xmin>186</xmin>
			<ymin>88</ymin>
			<xmax>315</xmax>
			<ymax>457</ymax>
		</bndbox>
	</object>
	<object>
		<name>Household : Recyclable</name>
		<pose>Unspecified</pose>
		<truncated>0</truncated>
		<difficult>0</difficult>
		<bndbox>
			<xmin>327</xmin>
			<ymin>67</ymin>
			<xmax>476</xmax>
			<ymax>401</ymax>
		</bndbox>
	</object>
</annotation>
