<annotation>
	<folder>train</folder>
	<filename>image_87.png</filename>
	<path>C:\Users\asus\Downloads\training\images\train\image_87.png</path>
	<source>
		<database>Unknown</database>
	</source>
	<size>
		<width>480</width>
		<height>640</height>
		<depth>3</depth>
	</size>
	<segmented>0</segmented>
	<object>
		<name>Household : Recyclable</name>
		<pose>Unspecified</pose>
		<truncated>0</truncated>
		<difficult>0</difficult>
		<bndbox>
			<xmin>150</xmin>
			<ymin>572</ymin>
			<xmax>207</xmax>
			<ymax>607</ymax>
		</bndbox>
	</object>
	<object>
		<name>Household : General</name>
		<pose>Unspecified</pose>
		<truncated>0</truncated>
		<difficult>0</difficult>
		<bndbox>
			<xmin>127</xmin>
			<ymin>101</ymin>
			<xmax>173</xmax>
			<ymax>171</ymax>
		</bndbox>
	</object>
</annotation>
