<annotation>
	<folder>train</folder>
	<filename>image_82.png</filename>
	<path>C:\Users\asus\Downloads\training\images\train\image_82.png</path>
	<source>
		<database>Unknown</database>
	</source>
	<size>
		<width>640</width>
		<height>480</height>
		<depth>3</depth>
	</size>
	<segmented>0</segmented>
	<object>
		<name>Industrial : Chemicals</name>
		<pose>Unspecified</pose>
		<truncated>0</truncated>
		<difficult>0</difficult>
		<bndbox>
			<xmin>301</xmin>
			<ymin>198</ymin>
			<xmax>380</xmax>
			<ymax>290</ymax>
		</bndbox>
	</object>
	<object>
		<name>Household : Recyclable</name>
		<pose>Unspecified</pose>
		<truncated>0</truncated>
		<difficult>0</difficult>
		<bndbox>
			<xmin>143</xmin>
			<ymin>242</ymin>
			<xmax>381</xmax>
			<ymax>476</ymax>
		</bndbox>
	</object>
	<object>
		<name>Hospital and Labs : Pharmaceutical</name>
		<pose>Unspecified</pose>
		<truncated>0</truncated>
		<difficult>0</difficult>
		<bndbox>
			<xmin>383</xmin>
			<ymin>24</ymin>
			<xmax>504</xmax>
			<ymax>163</ymax>
		</bndbox>
	</object>
	<object>
		<name>Household : Recyclable</name>
		<pose>Unspecified</pose>
		<truncated>1</truncated>
		<difficult>0</difficult>
		<bndbox>
			<xmin>481</xmin>
			<ymin>209</ymin>
			<xmax>640</xmax>
			<ymax>441</ymax>
		</bndbox>
	</object>
	<object>
		<name>Household : Recyclable</name>
		<pose>Unspecified</pose>
		<truncated>0</truncated>
		<difficult>0</difficult>
		<bndbox>
			<xmin>430</xmin>
			<ymin>354</ymin>
			<xmax>503</xmax>
			<ymax>430</ymax>
		</bndbox>
	</object>
	<object>
		<name>Household : E-waste</name>
		<pose>Unspecified</pose>
		<truncated>0</truncated>
		<difficult>0</difficult>
		<bndbox>
			<xmin>252</xmin>
			<ymin>78</ymin>
			<xmax>326</xmax>
			<ymax>129</ymax>
		</bndbox>
	</object>
</annotation>
