<annotation>
	<folder>train</folder>
	<filename>image_76.png</filename>
	<path>C:\Users\asus\Downloads\training\images\train\image_76.png</path>
	<source>
		<database>Unknown</database>
	</source>
	<size>
		<width>480</width>
		<height>640</height>
		<depth>3</depth>
	</size>
	<segmented>0</segmented>
	<object>
		<name>Household : Recyclable</name>
		<pose>Unspecified</pose>
		<truncated>0</truncated>
		<difficult>0</difficult>
		<bndbox>
			<xmin>113</xmin>
			<ymin>193</ymin>
			<xmax>199</xmax>
			<ymax>341</ymax>
		</bndbox>
	</object>
	<object>
		<name>Household : Recyclable</name>
		<pose>Unspecified</pose>
		<truncated>0</truncated>
		<difficult>0</difficult>
		<bndbox>
			<xmin>381</xmin>
			<ymin>321</ymin>
			<xmax>422</xmax>
			<ymax>369</ymax>
		</bndbox>
	</object>
</annotation>
