<annotation>
	<folder>train</folder>
	<filename>image_33.png</filename>
	<path>C:\Users\asus\Downloads\training\images\train\image_33.png</path>
	<source>
		<database>Unknown</database>
	</source>
	<size>
		<width>640</width>
		<height>480</height>
		<depth>3</depth>
	</size>
	<segmented>0</segmented>
	<object>
		<name>Household : Recyclable</name>
		<pose>Unspecified</pose>
		<truncated>0</truncated>
		<difficult>0</difficult>
		<bndbox>
			<xmin>203</xmin>
			<ymin>194</ymin>
			<xmax>283</xmax>
			<ymax>277</ymax>
		</bndbox>
	</object>
	<object>
		<name>Household : Recyclable</name>
		<pose>Unspecified</pose>
		<truncated>0</truncated>
		<difficult>0</difficult>
		<bndbox>
			<xmin>365</xmin>
			<ymin>207</ymin>
			<xmax>455</xmax>
			<ymax>294</ymax>
		</bndbox>
	</object>
</annotation>
