<annotation>
	<folder>train</folder>
	<filename>image_80.png</filename>
	<path>C:\Users\asus\Downloads\training\images\train\image_80.png</path>
	<source>
		<database>Unknown</database>
	</source>
	<size>
		<width>480</width>
		<height>640</height>
		<depth>3</depth>
	</size>
	<segmented>0</segmented>
	<object>
		<name>Household : Recyclable</name>
		<pose>Unspecified</pose>
		<truncated>0</truncated>
		<difficult>0</difficult>
		<bndbox>
			<xmin>203</xmin>
			<ymin>14</ymin>
			<xmax>387</xmax>
			<ymax>447</ymax>
		</bndbox>
	</object>
	<object>
		<name>Household : General</name>
		<pose>Unspecified</pose>
		<truncated>0</truncated>
		<difficult>0</difficult>
		<bndbox>
			<xmin>81</xmin>
			<ymin>200</ymin>
			<xmax>375</xmax>
			<ymax>488</ymax>
		</bndbox>
	</object>
</annotation>
