<annotation>
	<folder>train</folder>
	<filename>image_48.png</filename>
	<path>C:\Users\asus\Downloads\training\images\train\image_48.png</path>
	<source>
		<database>Unknown</database>
	</source>
	<size>
		<width>640</width>
		<height>480</height>
		<depth>3</depth>
	</size>
	<segmented>0</segmented>
	<object>
		<name>Household : Bio-degradable</name>
		<pose>Unspecified</pose>
		<truncated>0</truncated>
		<difficult>0</difficult>
		<bndbox>
			<xmin>95</xmin>
			<ymin>228</ymin>
			<xmax>286</xmax>
			<ymax>394</ymax>
		</bndbox>
	</object>
</annotation>
