<annotation>
	<folder>train</folder>
	<filename>image_96.png</filename>
	<path>C:\Users\asus\Downloads\training\images\train\image_96.png</path>
	<source>
		<database>Unknown</database>
	</source>
	<size>
		<width>639</width>
		<height>387</height>
		<depth>3</depth>
	</size>
	<segmented>0</segmented>
	<object>
		<name>Household : Recyclable</name>
		<pose>Unspecified</pose>
		<truncated>0</truncated>
		<difficult>0</difficult>
		<bndbox>
			<xmin>329</xmin>
			<ymin>25</ymin>
			<xmax>390</xmax>
			<ymax>77</ymax>
		</bndbox>
	</object>
</annotation>
