<annotation>
	<folder>train</folder>
	<filename>image_88.png</filename>
	<path>C:\Users\asus\Downloads\training\images\train\image_88.png</path>
	<source>
		<database>Unknown</database>
	</source>
	<size>
		<width>480</width>
		<height>640</height>
		<depth>3</depth>
	</size>
	<segmented>0</segmented>
	<object>
		<name>Household : Recyclable</name>
		<pose>Unspecified</pose>
		<truncated>0</truncated>
		<difficult>0</difficult>
		<bndbox>
			<xmin>80</xmin>
			<ymin>365</ymin>
			<xmax>122</xmax>
			<ymax>423</ymax>
		</bndbox>
	</object>
	<object>
		<name>Household : Recyclable</name>
		<pose>Unspecified</pose>
		<truncated>0</truncated>
		<difficult>0</difficult>
		<bndbox>
			<xmin>158</xmin>
			<ymin>455</ymin>
			<xmax>224</xmax>
			<ymax>522</ymax>
		</bndbox>
	</object>
	<object>
		<name>Household : General</name>
		<pose>Unspecified</pose>
		<truncated>0</truncated>
		<difficult>0</difficult>
		<bndbox>
			<xmin>159</xmin>
			<ymin>353</ymin>
			<xmax>218</xmax>
			<ymax>442</ymax>
		</bndbox>
	</object>
</annotation>
