<annotation>
	<folder>train</folder>
	<filename>image_38.png</filename>
	<path>C:\Users\asus\Downloads\training\images\train\image_38.png</path>
	<source>
		<database>Unknown</database>
	</source>
	<size>
		<width>480</width>
		<height>640</height>
		<depth>3</depth>
	</size>
	<segmented>0</segmented>
	<object>
		<name>Household : Recyclable</name>
		<pose>Unspecified</pose>
		<truncated>0</truncated>
		<difficult>0</difficult>
		<bndbox>
			<xmin>261</xmin>
			<ymin>334</ymin>
			<xmax>321</xmax>
			<ymax>392</ymax>
		</bndbox>
	</object>
	<object>
		<name>Household : General</name>
		<pose>Unspecified</pose>
		<truncated>1</truncated>
		<difficult>0</difficult>
		<bndbox>
			<xmin>422</xmin>
			<ymin>427</ymin>
			<xmax>480</xmax>
			<ymax>513</ymax>
		</bndbox>
	</object>
</annotation>
