<annotation>
	<folder>train</folder>
	<filename>image_81.png</filename>
	<path>C:\Users\asus\Downloads\training\images\train\image_81.png</path>
	<source>
		<database>Unknown</database>
	</source>
	<size>
		<width>480</width>
		<height>640</height>
		<depth>3</depth>
	</size>
	<segmented>0</segmented>
	<object>
		<name>Household : Recyclable</name>
		<pose>Unspecified</pose>
		<truncated>0</truncated>
		<difficult>0</difficult>
		<bndbox>
			<xmin>151</xmin>
			<ymin>224</ymin>
			<xmax>402</xmax>
			<ymax>406</ymax>
		</bndbox>
	</object>
	<object>
		<name>Household : Recyclable</name>
		<pose>Unspecified</pose>
		<truncated>0</truncated>
		<difficult>0</difficult>
		<bndbox>
			<xmin>182</xmin>
			<ymin>66</ymin>
			<xmax>390</xmax>
			<ymax>258</ymax>
		</bndbox>
	</object>
	<object>
		<name>Household : Recyclable</name>
		<pose>Unspecified</pose>
		<truncated>1</truncated>
		<difficult>0</difficult>
		<bndbox>
			<xmin>353</xmin>
			<ymin>140</ymin>
			<xmax>480</xmax>
			<ymax>312</ymax>
		</bndbox>
	</object>
</annotation>
