<annotation>
	<folder>train</folder>
	<filename>image_69.png</filename>
	<path>C:\Users\asus\Downloads\training\images\train\image_69.png</path>
	<source>
		<database>Unknown</database>
	</source>
	<size>
		<width>640</width>
		<height>480</height>
		<depth>3</depth>
	</size>
	<segmented>0</segmented>
	<object>
		<name>Household : Recyclable</name>
		<pose>Unspecified</pose>
		<truncated>1</truncated>
		<difficult>0</difficult>
		<bndbox>
			<xmin>1</xmin>
			<ymin>82</ymin>
			<xmax>435</xmax>
			<ymax>395</ymax>
		</bndbox>
	</object>
	<object>
		<name>Household : Recyclable</name>
		<pose>Unspecified</pose>
		<truncated>0</truncated>
		<difficult>0</difficult>
		<bndbox>
			<xmin>506</xmin>
			<ymin>179</ymin>
			<xmax>622</xmax>
			<ymax>270</ymax>
		</bndbox>
	</object>
</annotation>
