<annotation>
	<folder>train</folder>
	<filename>image_43.png</filename>
	<path>C:\Users\asus\Downloads\training\images\train\image_43.png</path>
	<source>
		<database>Unknown</database>
	</source>
	<size>
		<width>480</width>
		<height>640</height>
		<depth>3</depth>
	</size>
	<segmented>0</segmented>
	<object>
		<name>Household : Recyclable</name>
		<pose>Unspecified</pose>
		<truncated>0</truncated>
		<difficult>0</difficult>
		<bndbox>
			<xmin>254</xmin>
			<ymin>31</ymin>
			<xmax>464</xmax>
			<ymax>540</ymax>
		</bndbox>
	</object>
	<object>
		<name>Household : Recyclable</name>
		<pose>Unspecified</pose>
		<truncated>0</truncated>
		<difficult>0</difficult>
		<bndbox>
			<xmin>9</xmin>
			<ymin>74</ymin>
			<xmax>202</xmax>
			<ymax>486</ymax>
		</bndbox>
	</object>
</annotation>
