<annotation>
	<folder>train</folder>
	<filename>image_97.png</filename>
	<path>C:\Users\asus\Downloads\training\images\train\image_97.png</path>
	<source>
		<database>Unknown</database>
	</source>
	<size>
		<width>480</width>
		<height>640</height>
		<depth>3</depth>
	</size>
	<segmented>0</segmented>
	<object>
		<name>Household : General</name>
		<pose>Unspecified</pose>
		<truncated>0</truncated>
		<difficult>0</difficult>
		<bndbox>
			<xmin>148</xmin>
			<ymin>391</ymin>
			<xmax>271</xmax>
			<ymax>541</ymax>
		</bndbox>
	</object>
	<object>
		<name>Household : Recyclable</name>
		<pose>Unspecified</pose>
		<truncated>0</truncated>
		<difficult>0</difficult>
		<bndbox>
			<xmin>258</xmin>
			<ymin>413</ymin>
			<xmax>350</xmax>
			<ymax>513</ymax>
		</bndbox>
	</object>
</annotation>
