<annotation>
	<folder>train</folder>
	<filename>image_15.png</filename>
	<path>C:\Users\asus\Downloads\training\images\train\image_15.png</path>
	<source>
		<database>Unknown</database>
	</source>
	<size>
		<width>480</width>
		<height>640</height>
		<depth>3</depth>
	</size>
	<segmented>0</segmented>
	<object>
		<name>Household : Recyclable</name>
		<pose>Unspecified</pose>
		<truncated>0</truncated>
		<difficult>0</difficult>
		<bndbox>
			<xmin>259</xmin>
			<ymin>125</ymin>
			<xmax>407</xmax>
			<ymax>575</ymax>
		</bndbox>
	</object>
	<object>
		<name>Household : Recyclable</name>
		<pose>Unspecified</pose>
		<truncated>0</truncated>
		<difficult>0</difficult>
		<bndbox>
			<xmin>46</xmin>
			<ymin>103</ymin>
			<xmax>222</xmax>
			<ymax>509</ymax>
		</bndbox>
	</object>
</annotation>
