<annotation>
	<folder>train</folder>
	<filename>image_89.png</filename>
	<path>C:\Users\asus\Downloads\training\images\train\image_89.png</path>
	<source>
		<database>Unknown</database>
	</source>
	<size>
		<width>640</width>
		<height>480</height>
		<depth>3</depth>
	</size>
	<segmented>0</segmented>
	<object>
		<name>Household : Recyclable</name>
		<pose>Unspecified</pose>
		<truncated>0</truncated>
		<difficult>0</difficult>
		<bndbox>
			<xmin>68</xmin>
			<ymin>100</ymin>
			<xmax>211</xmax>
			<ymax>170</ymax>
		</bndbox>
	</object>
	<object>
		<name>Household : Recyclable</name>
		<pose>Unspecified</pose>
		<truncated>0</truncated>
		<difficult>0</difficult>
		<bndbox>
			<xmin>443</xmin>
			<ymin>149</ymin>
			<xmax>548</xmax>
			<ymax>195</ymax>
		</bndbox>
	</object>
	<object>
		<name>Household : General</name>
		<pose>Unspecified</pose>
		<truncated>0</truncated>
		<difficult>0</difficult>
		<bndbox>
			<xmin>291</xmin>
			<ymin>211</ymin>
			<xmax>411</xmax>
			<ymax>316</ymax>
		</bndbox>
	</object>
</annotation>
