<annotation>
	<folder>train</folder>
	<filename>image_28.png</filename>
	<path>C:\Users\asus\Downloads\training\images\train\image_28.png</path>
	<source>
		<database>Unknown</database>
	</source>
	<size>
		<width>480</width>
		<height>640</height>
		<depth>3</depth>
	</size>
	<segmented>0</segmented>
	<object>
		<name>Household : Recyclable</name>
		<pose>Unspecified</pose>
		<truncated>0</truncated>
		<difficult>0</difficult>
		<bndbox>
			<xmin>194</xmin>
			<ymin>266</ymin>
			<xmax>269</xmax>
			<ymax>332</ymax>
		</bndbox>
	</object>
	<object>
		<name>Household : Recyclable</name>
		<pose>Unspecified</pose>
		<truncated>0</truncated>
		<difficult>0</difficult>
		<bndbox>
			<xmin>84</xmin>
			<ymin>452</ymin>
			<xmax>155</xmax>
			<ymax>520</ymax>
		</bndbox>
	</object>
</annotation>
