<annotation>
	<folder>train</folder>
	<filename>image_63.png</filename>
	<path>C:\Users\asus\Downloads\training\images\train\image_63.png</path>
	<source>
		<database>Unknown</database>
	</source>
	<size>
		<width>480</width>
		<height>640</height>
		<depth>3</depth>
	</size>
	<segmented>0</segmented>
	<object>
		<name>Household : Recyclable</name>
		<pose>Unspecified</pose>
		<truncated>0</truncated>
		<difficult>0</difficult>
		<bndbox>
			<xmin>133</xmin>
			<ymin>429</ymin>
			<xmax>273</xmax>
			<ymax>536</ymax>
		</bndbox>
	</object>
	<object>
		<name>Household : Recyclable</name>
		<pose>Unspecified</pose>
		<truncated>0</truncated>
		<difficult>0</difficult>
		<bndbox>
			<xmin>211</xmin>
			<ymin>81</ymin>
			<xmax>249</xmax>
			<ymax>108</ymax>
		</bndbox>
	</object>
	<object>
		<name>Household : Recyclable</name>
		<pose>Unspecified</pose>
		<truncated>0</truncated>
		<difficult>0</difficult>
		<bndbox>
			<xmin>372</xmin>
			<ymin>51</ymin>
			<xmax>407</xmax>
			<ymax>88</ymax>
		</bndbox>
	</object>
</annotation>
