<annotation>
	<folder>train</folder>
	<filename>image_46.png</filename>
	<path>C:\Users\asus\Downloads\training\images\train\image_46.png</path>
	<source>
		<database>Unknown</database>
	</source>
	<size>
		<width>640</width>
		<height>480</height>
		<depth>3</depth>
	</size>
	<segmented>0</segmented>
	<object>
		<name>Household : Recyclable</name>
		<pose>Unspecified</pose>
		<truncated>0</truncated>
		<difficult>0</difficult>
		<bndbox>
			<xmin>72</xmin>
			<ymin>213</ymin>
			<xmax>202</xmax>
			<ymax>363</ymax>
		</bndbox>
	</object>
	<object>
		<name>Household : Recyclable</name>
		<pose>Unspecified</pose>
		<truncated>0</truncated>
		<difficult>0</difficult>
		<bndbox>
			<xmin>249</xmin>
			<ymin>132</ymin>
			<xmax>379</xmax>
			<ymax>241</ymax>
		</bndbox>
	</object>
	<object>
		<name>Household : Recyclable</name>
		<pose>Unspecified</pose>
		<truncated>0</truncated>
		<difficult>0</difficult>
		<bndbox>
			<xmin>475</xmin>
			<ymin>200</ymin>
			<xmax>576</xmax>
			<ymax>354</ymax>
		</bndbox>
	</object>
</annotation>
