<annotation>
	<folder>train</folder>
	<filename>image_34.png</filename>
	<path>C:\Users\asus\Downloads\training\images\train\image_34.png</path>
	<source>
		<database>Unknown</database>
	</source>
	<size>
		<width>480</width>
		<height>640</height>
		<depth>3</depth>
	</size>
	<segmented>0</segmented>
	<object>
		<name>Household : Recyclable</name>
		<pose>Unspecified</pose>
		<truncated>0</truncated>
		<difficult>0</difficult>
		<bndbox>
			<xmin>198</xmin>
			<ymin>266</ymin>
			<xmax>461</xmax>
			<ymax>513</ymax>
		</bndbox>
	</object>
	<object>
		<name>Household : Recyclable</name>
		<pose>Unspecified</pose>
		<truncated>0</truncated>
		<difficult>0</difficult>
		<bndbox>
			<xmin>39</xmin>
			<ymin>230</ymin>
			<xmax>158</xmax>
			<ymax>390</ymax>
		</bndbox>
	</object>
</annotation>
