<annotation>
	<folder>train</folder>
	<filename>image_44.png</filename>
	<path>C:\Users\asus\Downloads\training\images\train\image_44.png</path>
	<source>
		<database>Unknown</database>
	</source>
	<size>
		<width>640</width>
		<height>480</height>
		<depth>3</depth>
	</size>
	<segmented>0</segmented>
	<object>
		<name>Household : Recyclable</name>
		<pose>Unspecified</pose>
		<truncated>0</truncated>
		<difficult>0</difficult>
		<bndbox>
			<xmin>155</xmin>
			<ymin>165</ymin>
			<xmax>272</xmax>
			<ymax>337</ymax>
		</bndbox>
	</object>
	<object>
		<name>Household : Recyclable</name>
		<pose>Unspecified</pose>
		<truncated>0</truncated>
		<difficult>0</difficult>
		<bndbox>
			<xmin>225</xmin>
			<ymin>87</ymin>
			<xmax>315</xmax>
			<ymax>226</ymax>
		</bndbox>
	</object>
	<object>
		<name>Household : Recyclable</name>
		<pose>Unspecified</pose>
		<truncated>0</truncated>
		<difficult>0</difficult>
		<bndbox>
			<xmin>301</xmin>
			<ymin>180</ymin>
			<xmax>403</xmax>
			<ymax>337</ymax>
		</bndbox>
	</object>
</annotation>
