<annotation>
	<folder>train</folder>
	<filename>image_20.png</filename>
	<path>C:\Users\asus\Downloads\training\images\train\image_20.png</path>
	<source>
		<database>Unknown</database>
	</source>
	<size>
		<width>640</width>
		<height>480</height>
		<depth>3</depth>
	</size>
	<segmented>0</segmented>
	<object>
		<name>Household : Recyclable</name>
		<pose>Unspecified</pose>
		<truncated>0</truncated>
		<difficult>0</difficult>
		<bndbox>
			<xmin>90</xmin>
			<ymin>124</ymin>
			<xmax>239</xmax>
			<ymax>325</ymax>
		</bndbox>
	</object>
	<object>
		<name>Household : Recyclable</name>
		<pose>Unspecified</pose>
		<truncated>0</truncated>
		<difficult>0</difficult>
		<bndbox>
			<xmin>452</xmin>
			<ymin>117</ymin>
			<xmax>612</xmax>
			<ymax>311</ymax>
		</bndbox>
	</object>
</annotation>
