<annotation>
	<folder>train</folder>
	<filename>image_273.png</filename>
	<path>C:\Users\asus\Downloads\training\images\train\image_273.png</path>
	<source>
		<database>Unknown</database>
	</source>
	<size>
		<width>640</width>
		<height>480</height>
		<depth>3</depth>
	</size>
	<segmented>0</segmented>
	<object>
		<name>Household : General</name>
		<pose>Unspecified</pose>
		<truncated>0</truncated>
		<difficult>0</difficult>
		<bndbox>
			<xmin>242</xmin>
			<ymin>244</ymin>
			<xmax>298</xmax>
			<ymax>296</ymax>
		</bndbox>
	</object>
	<object>
		<name>Good</name>
		<pose>Unspecified</pose>
		<truncated>0</truncated>
		<difficult>0</difficult>
		<bndbox>
			<xmin>53</xmin>
			<ymin>16</ymin>
			<xmax>624</xmax>
			<ymax>131</ymax>
		</bndbox>
	</object>
</annotation>
