<annotation>
	<folder>train</folder>
	<filename>image_249.png</filename>
	<path>C:\Users\asus\Downloads\training\images\train\image_249.png</path>
	<source>
		<database>Unknown</database>
	</source>
	<size>
		<width>480</width>
		<height>640</height>
		<depth>3</depth>
	</size>
	<segmented>0</segmented>
	<object>
		<name>Household : General</name>
		<pose>Unspecified</pose>
		<truncated>0</truncated>
		<difficult>0</difficult>
		<bndbox>
			<xmin>339</xmin>
			<ymin>526</ymin>
			<xmax>428</xmax>
			<ymax>583</ymax>
		</bndbox>
	</object>
	<object>
		<name>Household : General</name>
		<pose>Unspecified</pose>
		<truncated>0</truncated>
		<difficult>0</difficult>
		<bndbox>
			<xmin>339</xmin>
			<ymin>393</ymin>
			<xmax>396</xmax>
			<ymax>428</ymax>
		</bndbox>
	</object>
	<object>
		<name>Household : Bio-degradable</name>
		<pose>Unspecified</pose>
		<truncated>0</truncated>
		<difficult>0</difficult>
		<bndbox>
			<xmin>4</xmin>
			<ymin>167</ymin>
			<xmax>121</xmax>
			<ymax>455</ymax>
		</bndbox>
	</object>
</annotation>
