<annotation>
	<folder>train</folder>
	<filename>image_229.png</filename>
	<path>C:\Users\asus\Downloads\training\images\train\image_229.png</path>
	<source>
		<database>Unknown</database>
	</source>
	<size>
		<width>480</width>
		<height>640</height>
		<depth>3</depth>
	</size>
	<segmented>0</segmented>
	<object>
		<name>Household : General</name>
		<pose>Unspecified</pose>
		<truncated>0</truncated>
		<difficult>0</difficult>
		<bndbox>
			<xmin>120</xmin>
			<ymin>105</ymin>
			<xmax>278</xmax>
			<ymax>259</ymax>
		</bndbox>
	</object>
	<object>
		<name>Household : General</name>
		<pose>Unspecified</pose>
		<truncated>0</truncated>
		<difficult>0</difficult>
		<bndbox>
			<xmin>85</xmin>
			<ymin>318</ymin>
			<xmax>289</xmax>
			<ymax>484</ymax>
		</bndbox>
	</object>
</annotation>
