<annotation>
	<folder>train</folder>
	<filename>image_267.png</filename>
	<path>C:\Users\asus\Downloads\training\images\train\image_267.png</path>
	<source>
		<database>Unknown</database>
	</source>
	<size>
		<width>480</width>
		<height>640</height>
		<depth>3</depth>
	</size>
	<segmented>0</segmented>
	<object>
		<name>Household : General</name>
		<pose>Unspecified</pose>
		<truncated>1</truncated>
		<difficult>0</difficult>
		<bndbox>
			<xmin>46</xmin>
			<ymin>203</ymin>
			<xmax>405</xmax>
			<ymax>640</ymax>
		</bndbox>
	</object>
	<object>
		<name>Household : Recyclable</name>
		<pose>Unspecified</pose>
		<truncated>0</truncated>
		<difficult>0</difficult>
		<bndbox>
			<xmin>133</xmin>
			<ymin>6</ymin>
			<xmax>326</xmax>
			<ymax>203</ymax>
		</bndbox>
	</object>
</annotation>
