<annotation>
	<folder>train</folder>
	<filename>image_219.png</filename>
	<path>C:\Users\asus\Downloads\training\images\train\image_219.png</path>
	<source>
		<database>Unknown</database>
	</source>
	<size>
		<width>480</width>
		<height>640</height>
		<depth>3</depth>
	</size>
	<segmented>0</segmented>
	<object>
		<name>Household : General</name>
		<pose>Unspecified</pose>
		<truncated>0</truncated>
		<difficult>0</difficult>
		<bndbox>
			<xmin>248</xmin>
			<ymin>392</ymin>
			<xmax>270</xmax>
			<ymax>405</ymax>
		</bndbox>
	</object>
	<object>
		<name>Household : General</name>
		<pose>Unspecified</pose>
		<truncated>1</truncated>
		<difficult>0</difficult>
		<bndbox>
			<xmin>423</xmin>
			<ymin>344</ymin>
			<xmax>480</xmax>
			<ymax>368</ymax>
		</bndbox>
	</object>
	<object>
		<name>Good</name>
		<pose>Unspecified</pose>
		<truncated>1</truncated>
		<difficult>0</difficult>
		<bndbox>
			<xmin>3</xmin>
			<ymin>232</ymin>
			<xmax>480</xmax>
			<ymax>327</ymax>
		</bndbox>
	</object>
</annotation>
