<annotation>
	<folder>train</folder>
	<filename>image_232.png</filename>
	<path>C:\Users\asus\Downloads\training\images\train\image_232.png</path>
	<source>
		<database>Unknown</database>
	</source>
	<size>
		<width>480</width>
		<height>640</height>
		<depth>3</depth>
	</size>
	<segmented>0</segmented>
	<object>
		<name>Hospital and Labs : Regular</name>
		<pose>Unspecified</pose>
		<truncated>0</truncated>
		<difficult>0</difficult>
		<bndbox>
			<xmin>76</xmin>
			<ymin>127</ymin>
			<xmax>311</xmax>
			<ymax>336</ymax>
		</bndbox>
	</object>
	<object>
		<name>Hospital and Labs : Regular</name>
		<pose>Unspecified</pose>
		<truncated>0</truncated>
		<difficult>0</difficult>
		<bndbox>
			<xmin>216</xmin>
			<ymin>330</ymin>
			<xmax>399</xmax>
			<ymax>500</ymax>
		</bndbox>
	</object>
</annotation>
