<annotation>
	<folder>train</folder>
	<filename>image_253.png</filename>
	<path>C:\Users\asus\Downloads\training\images\train\image_253.png</path>
	<source>
		<database>Unknown</database>
	</source>
	<size>
		<width>480</width>
		<height>640</height>
		<depth>3</depth>
	</size>
	<segmented>0</segmented>
	<object>
		<name>Household : Recyclable</name>
		<pose>Unspecified</pose>
		<truncated>0</truncated>
		<difficult>0</difficult>
		<bndbox>
			<xmin>310</xmin>
			<ymin>386</ymin>
			<xmax>464</xmax>
			<ymax>578</ymax>
		</bndbox>
	</object>
	<object>
		<name>Household : Recyclable</name>
		<pose>Unspecified</pose>
		<truncated>0</truncated>
		<difficult>0</difficult>
		<bndbox>
			<xmin>277</xmin>
			<ymin>330</ymin>
			<xmax>383</xmax>
			<ymax>406</ymax>
		</bndbox>
	</object>
	<object>
		<name>Household : Recyclable</name>
		<pose>Unspecified</pose>
		<truncated>0</truncated>
		<difficult>0</difficult>
		<bndbox>
			<xmin>136</xmin>
			<ymin>352</ymin>
			<xmax>284</xmax>
			<ymax>531</ymax>
		</bndbox>
	</object>
	<object>
		<name>Household : Recyclable</name>
		<pose>Unspecified</pose>
		<truncated>0</truncated>
		<difficult>0</difficult>
		<bndbox>
			<xmin>17</xmin>
			<ymin>308</ymin>
			<xmax>141</xmax>
			<ymax>403</ymax>
		</bndbox>
	</object>
	<object>
		<name>Household : General</name>
		<pose>Unspecified</pose>
		<truncated>0</truncated>
		<difficult>0</difficult>
		<bndbox>
			<xmin>92</xmin>
			<ymin>75</ymin>
			<xmax>440</xmax>
			<ymax>309</ymax>
		</bndbox>
	</object>
</annotation>
