<annotation>
	<folder>train</folder>
	<filename>image_224.png</filename>
	<path>C:\Users\asus\Downloads\training\images\train\image_224.png</path>
	<source>
		<database>Unknown</database>
	</source>
	<size>
		<width>480</width>
		<height>640</height>
		<depth>3</depth>
	</size>
	<segmented>0</segmented>
	<object>
		<name>Household : General</name>
		<pose>Unspecified</pose>
		<truncated>0</truncated>
		<difficult>0</difficult>
		<bndbox>
			<xmin>196</xmin>
			<ymin>395</ymin>
			<xmax>257</xmax>
			<ymax>479</ymax>
		</bndbox>
	</object>
	<object>
		<name>Good</name>
		<pose>Unspecified</pose>
		<truncated>1</truncated>
		<difficult>0</difficult>
		<bndbox>
			<xmin>1</xmin>
			<ymin>66</ymin>
			<xmax>480</xmax>
			<ymax>368</ymax>
		</bndbox>
	</object>
</annotation>
