<annotation>
	<folder>train</folder>
	<filename>image_279.png</filename>
	<path>C:\Users\asus\Downloads\training\images\train\image_279.png</path>
	<source>
		<database>Unknown</database>
	</source>
	<size>
		<width>601</width>
		<height>640</height>
		<depth>3</depth>
	</size>
	<segmented>0</segmented>
	<object>
		<name>Household : General</name>
		<pose>Unspecified</pose>
		<truncated>0</truncated>
		<difficult>0</difficult>
		<bndbox>
			<xmin>178</xmin>
			<ymin>247</ymin>
			<xmax>299</xmax>
			<ymax>377</ymax>
		</bndbox>
	</object>
	<object>
		<name>Household : General</name>
		<pose>Unspecified</pose>
		<truncated>0</truncated>
		<difficult>0</difficult>
		<bndbox>
			<xmin>56</xmin>
			<ymin>134</ymin>
			<xmax>141</xmax>
			<ymax>192</ymax>
		</bndbox>
	</object>
</annotation>
