<annotation>
	<folder>train</folder>
	<filename>image_250.png</filename>
	<path>C:\Users\asus\Downloads\training\images\train\image_250.png</path>
	<source>
		<database>Unknown</database>
	</source>
	<size>
		<width>480</width>
		<height>640</height>
		<depth>3</depth>
	</size>
	<segmented>0</segmented>
	<object>
		<name>Household : General</name>
		<pose>Unspecified</pose>
		<truncated>0</truncated>
		<difficult>0</difficult>
		<bndbox>
			<xmin>235</xmin>
			<ymin>199</ymin>
			<xmax>302</xmax>
			<ymax>270</ymax>
		</bndbox>
	</object>
	<object>
		<name>Industrial : General</name>
		<pose>Unspecified</pose>
		<truncated>1</truncated>
		<difficult>0</difficult>
		<bndbox>
			<xmin>1</xmin>
			<ymin>64</ymin>
			<xmax>152</xmax>
			<ymax>107</ymax>
		</bndbox>
	</object>
	<object>
		<name>Industrial : General</name>
		<pose>Unspecified</pose>
		<truncated>0</truncated>
		<difficult>0</difficult>
		<bndbox>
			<xmin>148</xmin>
			<ymin>55</ymin>
			<xmax>250</xmax>
			<ymax>114</ymax>
		</bndbox>
	</object>
</annotation>
