<annotation>
	<folder>train</folder>
	<filename>image_282.png</filename>
	<path>C:\Users\asus\Downloads\training\images\train\image_282.png</path>
	<source>
		<database>Unknown</database>
	</source>
	<size>
		<width>548</width>
		<height>640</height>
		<depth>3</depth>
	</size>
	<segmented>0</segmented>
	<object>
		<name>Household : General</name>
		<pose>Unspecified</pose>
		<truncated>0</truncated>
		<difficult>0</difficult>
		<bndbox>
			<xmin>226</xmin>
			<ymin>404</ymin>
			<xmax>296</xmax>
			<ymax>490</ymax>
		</bndbox>
	</object>
</annotation>
