<annotation>
	<folder>train</folder>
	<filename>image_293.png</filename>
	<path>C:\Users\asus\Downloads\training\images\train\image_293.png</path>
	<source>
		<database>Unknown</database>
	</source>
	<size>
		<width>480</width>
		<height>640</height>
		<depth>3</depth>
	</size>
	<segmented>0</segmented>
	<object>
		<name>Good</name>
		<pose>Unspecified</pose>
		<truncated>1</truncated>
		<difficult>0</difficult>
		<bndbox>
			<xmin>11</xmin>
			<ymin>432</ymin>
			<xmax>470</xmax>
			<ymax>640</ymax>
		</bndbox>
	</object>
</annotation>
