<annotation>
	<folder>train</folder>
	<filename>image_239.png</filename>
	<path>C:\Users\asus\Downloads\training\images\train\image_239.png</path>
	<source>
		<database>Unknown</database>
	</source>
	<size>
		<width>640</width>
		<height>480</height>
		<depth>3</depth>
	</size>
	<segmented>0</segmented>
	<object>
		<name>Household : Recyclable</name>
		<pose>Unspecified</pose>
		<truncated>0</truncated>
		<difficult>0</difficult>
		<bndbox>
			<xmin>114</xmin>
			<ymin>14</ymin>
			<xmax>412</xmax>
			<ymax>174</ymax>
		</bndbox>
	</object>
	<object>
		<name>Household : General</name>
		<pose>Unspecified</pose>
		<truncated>0</truncated>
		<difficult>0</difficult>
		<bndbox>
			<xmin>144</xmin>
			<ymin>235</ymin>
			<xmax>503</xmax>
			<ymax>449</ymax>
		</bndbox>
	</object>
</annotation>
