<annotation>
	<folder>train</folder>
	<filename>image_294.png</filename>
	<path>C:\Users\asus\Downloads\training\images\train\image_294.png</path>
	<source>
		<database>Unknown</database>
	</source>
	<size>
		<width>480</width>
		<height>640</height>
		<depth>3</depth>
	</size>
	<segmented>0</segmented>
	<object>
		<name>Industrial : Health-Hazards</name>
		<pose>Unspecified</pose>
		<truncated>0</truncated>
		<difficult>0</difficult>
		<bndbox>
			<xmin>227</xmin>
			<ymin>472</ymin>
			<xmax>333</xmax>
			<ymax>551</ymax>
		</bndbox>
	</object>
	<object>
		<name>Household : General</name>
		<pose>Unspecified</pose>
		<truncated>0</truncated>
		<difficult>0</difficult>
		<bndbox>
			<xmin>228</xmin>
			<ymin>591</ymin>
			<xmax>278</xmax>
			<ymax>624</ymax>
		</bndbox>
	</object>
	<object>
		<name>Industrial : Health-Hazards</name>
		<pose>Unspecified</pose>
		<truncated>0</truncated>
		<difficult>0</difficult>
		<bndbox>
			<xmin>96</xmin>
			<ymin>620</ymin>
			<xmax>112</xmax>
			<ymax>630</ymax>
		</bndbox>
	</object>
</annotation>
