<annotation>
	<folder>train</folder>
	<filename>image_254.png</filename>
	<path>C:\Users\asus\Downloads\training\images\train\image_254.png</path>
	<source>
		<database>Unknown</database>
	</source>
	<size>
		<width>480</width>
		<height>640</height>
		<depth>3</depth>
	</size>
	<segmented>0</segmented>
	<object>
		<name>Household : Recyclable</name>
		<pose>Unspecified</pose>
		<truncated>0</truncated>
		<difficult>0</difficult>
		<bndbox>
			<xmin>6</xmin>
			<ymin>151</ymin>
			<xmax>202</xmax>
			<ymax>348</ymax>
		</bndbox>
	</object>
	<object>
		<name>Household : Recyclable</name>
		<pose>Unspecified</pose>
		<truncated>0</truncated>
		<difficult>0</difficult>
		<bndbox>
			<xmin>237</xmin>
			<ymin>249</ymin>
			<xmax>285</xmax>
			<ymax>295</ymax>
		</bndbox>
	</object>
	<object>
		<name>Household : Recyclable</name>
		<pose>Unspecified</pose>
		<truncated>0</truncated>
		<difficult>0</difficult>
		<bndbox>
			<xmin>314</xmin>
			<ymin>103</ymin>
			<xmax>468</xmax>
			<ymax>292</ymax>
		</bndbox>
	</object>
</annotation>
