<annotation>
	<folder>train</folder>
	<filename>image_235.png</filename>
	<path>C:\Users\asus\Downloads\training\images\train\image_235.png</path>
	<source>
		<database>Unknown</database>
	</source>
	<size>
		<width>480</width>
		<height>640</height>
		<depth>3</depth>
	</size>
	<segmented>0</segmented>
	<object>
		<name>Household : General</name>
		<pose>Unspecified</pose>
		<truncated>0</truncated>
		<difficult>0</difficult>
		<bndbox>
			<xmin>63</xmin>
			<ymin>47</ymin>
			<xmax>283</xmax>
			<ymax>308</ymax>
		</bndbox>
	</object>
	<object>
		<name>Household : Recyclable</name>
		<pose>Unspecified</pose>
		<truncated>1</truncated>
		<difficult>0</difficult>
		<bndbox>
			<xmin>42</xmin>
			<ymin>332</ymin>
			<xmax>480</xmax>
			<ymax>608</ymax>
		</bndbox>
	</object>
</annotation>
