<annotation>
	<folder>train</folder>
	<filename>image_230.png</filename>
	<path>C:\Users\asus\Downloads\training\images\train\image_230.png</path>
	<source>
		<database>Unknown</database>
	</source>
	<size>
		<width>480</width>
		<height>640</height>
		<depth>3</depth>
	</size>
	<segmented>0</segmented>
	<object>
		<name>Household : General</name>
		<pose>Unspecified</pose>
		<truncated>0</truncated>
		<difficult>0</difficult>
		<bndbox>
			<xmin>99</xmin>
			<ymin>245</ymin>
			<xmax>322</xmax>
			<ymax>392</ymax>
		</bndbox>
	</object>
	<object>
		<name>Household : General</name>
		<pose>Unspecified</pose>
		<truncated>0</truncated>
		<difficult>0</difficult>
		<bndbox>
			<xmin>303</xmin>
			<ymin>319</ymin>
			<xmax>417</xmax>
			<ymax>403</ymax>
		</bndbox>
	</object>
</annotation>
