<annotation>
	<folder>train</folder>
	<filename>image_284.png</filename>
	<path>C:\Users\asus\Downloads\training\images\train\image_284.png</path>
	<source>
		<database>Unknown</database>
	</source>
	<size>
		<width>640</width>
		<height>480</height>
		<depth>3</depth>
	</size>
	<segmented>0</segmented>
	<object>
		<name>Household : Recyclable</name>
		<pose>Unspecified</pose>
		<truncated>0</truncated>
		<difficult>0</difficult>
		<bndbox>
			<xmin>108</xmin>
			<ymin>168</ymin>
			<xmax>427</xmax>
			<ymax>449</ymax>
		</bndbox>
	</object>
	<object>
		<name>Household : Recyclable</name>
		<pose>Unspecified</pose>
		<truncated>0</truncated>
		<difficult>0</difficult>
		<bndbox>
			<xmin>389</xmin>
			<ymin>73</ymin>
			<xmax>518</xmax>
			<ymax>202</ymax>
		</bndbox>
	</object>
</annotation>
