<annotation>
	<folder>train</folder>
	<filename>image_281.png</filename>
	<path>C:\Users\asus\Downloads\training\images\train\image_281.png</path>
	<source>
		<database>Unknown</database>
	</source>
	<size>
		<width>634</width>
		<height>640</height>
		<depth>3</depth>
	</size>
	<segmented>0</segmented>
	<object>
		<name>Household : Recyclable</name>
		<pose>Unspecified</pose>
		<truncated>0</truncated>
		<difficult>0</difficult>
		<bndbox>
			<xmin>361</xmin>
			<ymin>340</ymin>
			<xmax>395</xmax>
			<ymax>404</ymax>
		</bndbox>
	</object>
	<object>
		<name>Household : Recyclable</name>
		<pose>Unspecified</pose>
		<truncated>0</truncated>
		<difficult>0</difficult>
		<bndbox>
			<xmin>386</xmin>
			<ymin>354</ymin>
			<xmax>445</xmax>
			<ymax>393</ymax>
		</bndbox>
	</object>
	<object>
		<name>Household : Recyclable</name>
		<pose>Unspecified</pose>
		<truncated>0</truncated>
		<difficult>0</difficult>
		<bndbox>
			<xmin>55</xmin>
			<ymin>366</ymin>
			<xmax>103</xmax>
			<ymax>436</ymax>
		</bndbox>
	</object>
	<object>
		<name>Household : General</name>
		<pose>Unspecified</pose>
		<truncated>0</truncated>
		<difficult>0</difficult>
		<bndbox>
			<xmin>494</xmin>
			<ymin>311</ymin>
			<xmax>546</xmax>
			<ymax>349</ymax>
		</bndbox>
	</object>
	<object>
		<name>Industrial : Recyclable</name>
		<pose>Unspecified</pose>
		<truncated>0</truncated>
		<difficult>0</difficult>
		<bndbox>
			<xmin>547</xmin>
			<ymin>310</ymin>
			<xmax>632</xmax>
			<ymax>361</ymax>
		</bndbox>
	</object>
</annotation>
