<annotation>
	<folder>train</folder>
	<filename>image_283.png</filename>
	<path>C:\Users\asus\Downloads\training\images\train\image_283.png</path>
	<source>
		<database>Unknown</database>
	</source>
	<size>
		<width>640</width>
		<height>480</height>
		<depth>3</depth>
	</size>
	<segmented>0</segmented>
	<object>
		<name>Household : Recyclable</name>
		<pose>Unspecified</pose>
		<truncated>0</truncated>
		<difficult>0</difficult>
		<bndbox>
			<xmin>273</xmin>
			<ymin>250</ymin>
			<xmax>291</xmax>
			<ymax>263</ymax>
		</bndbox>
	</object>
	<object>
		<name>Good</name>
		<pose>Unspecified</pose>
		<truncated>0</truncated>
		<difficult>0</difficult>
		<bndbox>
			<xmin>318</xmin>
			<ymin>189</ymin>
			<xmax>519</xmax>
			<ymax>232</ymax>
		</bndbox>
	</object>
	<object>
		<name>Good</name>
		<pose>Unspecified</pose>
		<truncated>0</truncated>
		<difficult>0</difficult>
		<bndbox>
			<xmin>2</xmin>
			<ymin>395</ymin>
			<xmax>246</xmax>
			<ymax>475</ymax>
		</bndbox>
	</object>
	<object>
		<name>Good</name>
		<pose>Unspecified</pose>
		<truncated>0</truncated>
		<difficult>0</difficult>
		<bndbox>
			<xmin>225</xmin>
			<ymin>291</ymin>
			<xmax>281</xmax>
			<ymax>475</ymax>
		</bndbox>
	</object>
	<object>
		<name>Good</name>
		<pose>Unspecified</pose>
		<truncated>0</truncated>
		<difficult>0</difficult>
		<bndbox>
			<xmin>275</xmin>
			<ymin>342</ymin>
			<xmax>350</xmax>
			<ymax>389</ymax>
		</bndbox>
	</object>
	<object>
		<name>Good</name>
		<pose>Unspecified</pose>
		<truncated>0</truncated>
		<difficult>0</difficult>
		<bndbox>
			<xmin>428</xmin>
			<ymin>344</ymin>
			<xmax>513</xmax>
			<ymax>395</ymax>
		</bndbox>
	</object>
	<object>
		<name>Household : General</name>
		<pose>Unspecified</pose>
		<truncated>1</truncated>
		<difficult>0</difficult>
		<bndbox>
			<xmin>579</xmin>
			<ymin>341</ymin>
			<xmax>640</xmax>
			<ymax>441</ymax>
		</bndbox>
	</object>
</annotation>
