<annotation>
	<folder>train</folder>
	<filename>image_231.png</filename>
	<path>C:\Users\asus\Downloads\training\images\train\image_231.png</path>
	<source>
		<database>Unknown</database>
	</source>
	<size>
		<width>480</width>
		<height>640</height>
		<depth>3</depth>
	</size>
	<segmented>0</segmented>
	<object>
		<name>Household : Recyclable</name>
		<pose>Unspecified</pose>
		<truncated>0</truncated>
		<difficult>0</difficult>
		<bndbox>
			<xmin>213</xmin>
			<ymin>250</ymin>
			<xmax>299</xmax>
			<ymax>353</ymax>
		</bndbox>
	</object>
	<object>
		<name>Good</name>
		<pose>Unspecified</pose>
		<truncated>1</truncated>
		<difficult>0</difficult>
		<bndbox>
			<xmin>2</xmin>
			<ymin>1</ymin>
			<xmax>480</xmax>
			<ymax>194</ymax>
		</bndbox>
	</object>
</annotation>
