<annotation>
	<folder>train</folder>
	<filename>image_236.png</filename>
	<path>C:\Users\asus\Downloads\training\images\train\image_236.png</path>
	<source>
		<database>Unknown</database>
	</source>
	<size>
		<width>640</width>
		<height>480</height>
		<depth>3</depth>
	</size>
	<segmented>0</segmented>
	<object>
		<name>Household : Recyclable</name>
		<pose>Unspecified</pose>
		<truncated>1</truncated>
		<difficult>0</difficult>
		<bndbox>
			<xmin>28</xmin>
			<ymin>77</ymin>
			<xmax>474</xmax>
			<ymax>480</ymax>
		</bndbox>
	</object>
	<object>
		<name>Household : Recyclable</name>
		<pose>Unspecified</pose>
		<truncated>1</truncated>
		<difficult>0</difficult>
		<bndbox>
			<xmin>403</xmin>
			<ymin>1</ymin>
			<xmax>580</xmax>
			<ymax>164</ymax>
		</bndbox>
	</object>
	<object>
		<name>Household : Recyclable</name>
		<pose>Unspecified</pose>
		<truncated>0</truncated>
		<difficult>0</difficult>
		<bndbox>
			<xmin>259</xmin>
			<ymin>249</ymin>
			<xmax>344</xmax>
			<ymax>390</ymax>
		</bndbox>
	</object>
	<object>
		<name>Household : Recyclable</name>
		<pose>Unspecified</pose>
		<truncated>0</truncated>
		<difficult>0</difficult>
		<bndbox>
			<xmin>344</xmin>
			<ymin>385</ymin>
			<xmax>372</xmax>
			<ymax>416</ymax>
		</bndbox>
	</object>
</annotation>
