<annotation>
	<folder>train</folder>
	<filename>image_233.png</filename>
	<path>C:\Users\asus\Downloads\training\images\train\image_233.png</path>
	<source>
		<database>Unknown</database>
	</source>
	<size>
		<width>480</width>
		<height>640</height>
		<depth>3</depth>
	</size>
	<segmented>0</segmented>
	<object>
		<name>Household : Recyclable</name>
		<pose>Unspecified</pose>
		<truncated>0</truncated>
		<difficult>0</difficult>
		<bndbox>
			<xmin>134</xmin>
			<ymin>66</ymin>
			<xmax>281</xmax>
			<ymax>304</ymax>
		</bndbox>
	</object>
</annotation>
