<annotation>
	<folder>train</folder>
	<filename>image_260.png</filename>
	<path>C:\Users\asus\Downloads\training\images\train\image_260.png</path>
	<source>
		<database>Unknown</database>
	</source>
	<size>
		<width>480</width>
		<height>640</height>
		<depth>3</depth>
	</size>
	<segmented>0</segmented>
	<object>
		<name>Household : Recyclable</name>
		<pose>Unspecified</pose>
		<truncated>0</truncated>
		<difficult>0</difficult>
		<bndbox>
			<xmin>225</xmin>
			<ymin>250</ymin>
			<xmax>312</xmax>
			<ymax>358</ymax>
		</bndbox>
	</object>
	<object>
		<name>Household : Bio-degradable</name>
		<pose>Unspecified</pose>
		<truncated>0</truncated>
		<difficult>0</difficult>
		<bndbox>
			<xmin>249</xmin>
			<ymin>428</ymin>
			<xmax>411</xmax>
			<ymax>576</ymax>
		</bndbox>
	</object>
</annotation>
