<annotation>
	<folder>train</folder>
	<filename>image_288.png</filename>
	<path>C:\Users\asus\Downloads\training\images\train\image_288.png</path>
	<source>
		<database>Unknown</database>
	</source>
	<size>
		<width>480</width>
		<height>640</height>
		<depth>3</depth>
	</size>
	<segmented>0</segmented>
	<object>
		<name>Household : General</name>
		<pose>Unspecified</pose>
		<truncated>0</truncated>
		<difficult>0</difficult>
		<bndbox>
			<xmin>15</xmin>
			<ymin>161</ymin>
			<xmax>222</xmax>
			<ymax>477</ymax>
		</bndbox>
	</object>
	<object>
		<name>Household : Recyclable</name>
		<pose>Unspecified</pose>
		<truncated>0</truncated>
		<difficult>0</difficult>
		<bndbox>
			<xmin>302</xmin>
			<ymin>90</ymin>
			<xmax>476</xmax>
			<ymax>217</ymax>
		</bndbox>
	</object>
	<object>
		<name>Household : General</name>
		<pose>Unspecified</pose>
		<truncated>0</truncated>
		<difficult>0</difficult>
		<bndbox>
			<xmin>229</xmin>
			<ymin>285</ymin>
			<xmax>316</xmax>
			<ymax>411</ymax>
		</bndbox>
	</object>
	<object>
		<name>Hospital and Labs : Pharmaceutical</name>
		<pose>Unspecified</pose>
		<truncated>1</truncated>
		<difficult>0</difficult>
		<bndbox>
			<xmin>354</xmin>
			<ymin>311</ymin>
			<xmax>480</xmax>
			<ymax>434</ymax>
		</bndbox>
	</object>
</annotation>
