<annotation>
	<folder>train</folder>
	<filename>image_259.png</filename>
	<path>C:\Users\asus\Downloads\training\images\train\image_259.png</path>
	<source>
		<database>Unknown</database>
	</source>
	<size>
		<width>480</width>
		<height>640</height>
		<depth>3</depth>
	</size>
	<segmented>0</segmented>
	<object>
		<name>Household : General</name>
		<pose>Unspecified</pose>
		<truncated>0</truncated>
		<difficult>0</difficult>
		<bndbox>
			<xmin>288</xmin>
			<ymin>391</ymin>
			<xmax>402</xmax>
			<ymax>495</ymax>
		</bndbox>
	</object>
	<object>
		<name>Household : General</name>
		<pose>Unspecified</pose>
		<truncated>0</truncated>
		<difficult>0</difficult>
		<bndbox>
			<xmin>222</xmin>
			<ymin>190</ymin>
			<xmax>294</xmax>
			<ymax>287</ymax>
		</bndbox>
	</object>
	<object>
		<name>Household : Bio-degradable</name>
		<pose>Unspecified</pose>
		<truncated>0</truncated>
		<difficult>0</difficult>
		<bndbox>
			<xmin>232</xmin>
			<ymin>10</ymin>
			<xmax>389</xmax>
			<ymax>180</ymax>
		</bndbox>
	</object>
	<object>
		<name>Household : Bio-degradable</name>
		<pose>Unspecified</pose>
		<truncated>0</truncated>
		<difficult>0</difficult>
		<bndbox>
			<xmin>309</xmin>
			<ymin>195</ymin>
			<xmax>449</xmax>
			<ymax>386</ymax>
		</bndbox>
	</object>
	<object>
		<name>Household : Bio-degradable</name>
		<pose>Unspecified</pose>
		<truncated>1</truncated>
		<difficult>0</difficult>
		<bndbox>
			<xmin>341</xmin>
			<ymin>501</ymin>
			<xmax>480</xmax>
			<ymax>637</ymax>
		</bndbox>
	</object>
</annotation>
