<annotation>
	<folder>train</folder>
	<filename>image_298.png</filename>
	<path>C:\Users\asus\Downloads\training\images\train\image_298.png</path>
	<source>
		<database>Unknown</database>
	</source>
	<size>
		<width>480</width>
		<height>640</height>
		<depth>3</depth>
	</size>
	<segmented>0</segmented>
	<object>
		<name>Household : General</name>
		<pose>Unspecified</pose>
		<truncated>0</truncated>
		<difficult>0</difficult>
		<bndbox>
			<xmin>246</xmin>
			<ymin>509</ymin>
			<xmax>346</xmax>
			<ymax>582</ymax>
		</bndbox>
	</object>
</annotation>
