<annotation>
	<folder>train</folder>
	<filename>image_277.png</filename>
	<path>C:\Users\asus\Downloads\training\images\train\image_277.png</path>
	<source>
		<database>Unknown</database>
	</source>
	<size>
		<width>508</width>
		<height>640</height>
		<depth>3</depth>
	</size>
	<segmented>0</segmented>
	<object>
		<name>Household : Bio-degradable</name>
		<pose>Unspecified</pose>
		<truncated>0</truncated>
		<difficult>0</difficult>
		<bndbox>
			<xmin>132</xmin>
			<ymin>10</ymin>
			<xmax>244</xmax>
			<ymax>367</ymax>
		</bndbox>
	</object>
	<object>
		<name>Household : General</name>
		<pose>Unspecified</pose>
		<truncated>0</truncated>
		<difficult>0</difficult>
		<bndbox>
			<xmin>125</xmin>
			<ymin>380</ymin>
			<xmax>177</xmax>
			<ymax>428</ymax>
		</bndbox>
	</object>
	<object>
		<name>Household : Bio-degradable</name>
		<pose>Unspecified</pose>
		<truncated>1</truncated>
		<difficult>0</difficult>
		<bndbox>
			<xmin>121</xmin>
			<ymin>441</ymin>
			<xmax>214</xmax>
			<ymax>640</ymax>
		</bndbox>
	</object>
</annotation>
