<annotation>
	<folder>train</folder>
	<filename>image_265.png</filename>
	<path>C:\Users\asus\Downloads\training\images\train\image_265.png</path>
	<source>
		<database>Unknown</database>
	</source>
	<size>
		<width>480</width>
		<height>640</height>
		<depth>3</depth>
	</size>
	<segmented>0</segmented>
	<object>
		<name>Household : Recyclable</name>
		<pose>Unspecified</pose>
		<truncated>0</truncated>
		<difficult>0</difficult>
		<bndbox>
			<xmin>70</xmin>
			<ymin>119</ymin>
			<xmax>426</xmax>
			<ymax>411</ymax>
		</bndbox>
	</object>
	<object>
		<name>Household : Recyclable</name>
		<pose>Unspecified</pose>
		<truncated>0</truncated>
		<difficult>0</difficult>
		<bndbox>
			<xmin>26</xmin>
			<ymin>310</ymin>
			<xmax>368</xmax>
			<ymax>564</ymax>
		</bndbox>
	</object>
</annotation>
