<annotation>
	<folder>train</folder>
	<filename>image_244.png</filename>
	<path>C:\Users\asus\Downloads\training\images\train\image_244.png</path>
	<source>
		<database>Unknown</database>
	</source>
	<size>
		<width>480</width>
		<height>640</height>
		<depth>3</depth>
	</size>
	<segmented>0</segmented>
	<object>
		<name>Household : General</name>
		<pose>Unspecified</pose>
		<truncated>0</truncated>
		<difficult>0</difficult>
		<bndbox>
			<xmin>354</xmin>
			<ymin>258</ymin>
			<xmax>399</xmax>
			<ymax>313</ymax>
		</bndbox>
	</object>
	<object>
		<name>Good</name>
		<pose>Unspecified</pose>
		<truncated>1</truncated>
		<difficult>0</difficult>
		<bndbox>
			<xmin>218</xmin>
			<ymin>1</ymin>
			<xmax>441</xmax>
			<ymax>207</ymax>
		</bndbox>
	</object>
</annotation>
