<annotation>
	<folder>train</folder>
	<filename>image_257.png</filename>
	<path>C:\Users\asus\Downloads\training\images\train\image_257.png</path>
	<source>
		<database>Unknown</database>
	</source>
	<size>
		<width>480</width>
		<height>640</height>
		<depth>3</depth>
	</size>
	<segmented>0</segmented>
	<object>
		<name>Household : Recyclable</name>
		<pose>Unspecified</pose>
		<truncated>0</truncated>
		<difficult>0</difficult>
		<bndbox>
			<xmin>336</xmin>
			<ymin>259</ymin>
			<xmax>374</xmax>
			<ymax>295</ymax>
		</bndbox>
	</object>
	<object>
		<name>Good</name>
		<pose>Unspecified</pose>
		<truncated>1</truncated>
		<difficult>0</difficult>
		<bndbox>
			<xmin>2</xmin>
			<ymin>399</ymin>
			<xmax>461</xmax>
			<ymax>640</ymax>
		</bndbox>
	</object>
</annotation>
