<annotation>
	<folder>train</folder>
	<filename>image_263.png</filename>
	<path>C:\Users\asus\Downloads\training\images\train\image_263.png</path>
	<source>
		<database>Unknown</database>
	</source>
	<size>
		<width>480</width>
		<height>640</height>
		<depth>3</depth>
	</size>
	<segmented>0</segmented>
	<object>
		<name>Household : General</name>
		<pose>Unspecified</pose>
		<truncated>0</truncated>
		<difficult>0</difficult>
		<bndbox>
			<xmin>295</xmin>
			<ymin>333</ymin>
			<xmax>351</xmax>
			<ymax>376</ymax>
		</bndbox>
	</object>
	<object>
		<name>Household : Bio-degradable</name>
		<pose>Unspecified</pose>
		<truncated>0</truncated>
		<difficult>0</difficult>
		<bndbox>
			<xmin>411</xmin>
			<ymin>216</ymin>
			<xmax>478</xmax>
			<ymax>447</ymax>
		</bndbox>
	</object>
	<object>
		<name>Good</name>
		<pose>Unspecified</pose>
		<truncated>0</truncated>
		<difficult>0</difficult>
		<bndbox>
			<xmin>318</xmin>
			<ymin>2</ymin>
			<xmax>432</xmax>
			<ymax>207</ymax>
		</bndbox>
	</object>
</annotation>
