<annotation>
	<folder>train</folder>
	<filename>image_264.png</filename>
	<path>C:\Users\asus\Downloads\training\images\train\image_264.png</path>
	<source>
		<database>Unknown</database>
	</source>
	<size>
		<width>480</width>
		<height>640</height>
		<depth>3</depth>
	</size>
	<segmented>0</segmented>
	<object>
		<name>Household : Recyclable</name>
		<pose>Unspecified</pose>
		<truncated>0</truncated>
		<difficult>0</difficult>
		<bndbox>
			<xmin>181</xmin>
			<ymin>229</ymin>
			<xmax>220</xmax>
			<ymax>291</ymax>
		</bndbox>
	</object>
	<object>
		<name>Industrial : Health-Hazards</name>
		<pose>Unspecified</pose>
		<truncated>0</truncated>
		<difficult>0</difficult>
		<bndbox>
			<xmin>213</xmin>
			<ymin>415</ymin>
			<xmax>229</xmax>
			<ymax>437</ymax>
		</bndbox>
	</object>
	<object>
		<name>Industrial : Health-Hazards</name>
		<pose>Unspecified</pose>
		<truncated>0</truncated>
		<difficult>0</difficult>
		<bndbox>
			<xmin>437</xmin>
			<ymin>435</ymin>
			<xmax>452</xmax>
			<ymax>461</ymax>
		</bndbox>
	</object>
	<object>
		<name>Industrial : Health-Hazards</name>
		<pose>Unspecified</pose>
		<truncated>0</truncated>
		<difficult>0</difficult>
		<bndbox>
			<xmin>254</xmin>
			<ymin>262</ymin>
			<xmax>269</xmax>
			<ymax>278</ymax>
		</bndbox>
	</object>
	<object>
		<name>Household : Bio-degradable</name>
		<pose>Unspecified</pose>
		<truncated>0</truncated>
		<difficult>0</difficult>
		<bndbox>
			<xmin>141</xmin>
			<ymin>60</ymin>
			<xmax>187</xmax>
			<ymax>121</ymax>
		</bndbox>
	</object>
</annotation>
