<annotation>
	<folder>train</folder>
	<filename>image_212.png</filename>
	<path>C:\Users\asus\Downloads\training\images\train\image_212.png</path>
	<source>
		<database>Unknown</database>
	</source>
	<size>
		<width>480</width>
		<height>640</height>
		<depth>3</depth>
	</size>
	<segmented>0</segmented>
	<object>
		<name>Household : Recyclable</name>
		<pose>Unspecified</pose>
		<truncated>0</truncated>
		<difficult>0</difficult>
		<bndbox>
			<xmin>191</xmin>
			<ymin>386</ymin>
			<xmax>275</xmax>
			<ymax>475</ymax>
		</bndbox>
	</object>
	<object>
		<name>Household : Recyclable</name>
		<pose>Unspecified</pose>
		<truncated>0</truncated>
		<difficult>0</difficult>
		<bndbox>
			<xmin>118</xmin>
			<ymin>322</ymin>
			<xmax>185</xmax>
			<ymax>408</ymax>
		</bndbox>
	</object>
</annotation>
