<annotation>
	<folder>train</folder>
	<filename>image_211.png</filename>
	<path>C:\Users\asus\Downloads\training\images\train\image_211.png</path>
	<source>
		<database>Unknown</database>
	</source>
	<size>
		<width>480</width>
		<height>640</height>
		<depth>3</depth>
	</size>
	<segmented>0</segmented>
	<object>
		<name>Household : General</name>
		<pose>Unspecified</pose>
		<truncated>0</truncated>
		<difficult>0</difficult>
		<bndbox>
			<xmin>224</xmin>
			<ymin>274</ymin>
			<xmax>452</xmax>
			<ymax>501</ymax>
		</bndbox>
	</object>
	<object>
		<name>Household : General</name>
		<pose>Unspecified</pose>
		<truncated>0</truncated>
		<difficult>0</difficult>
		<bndbox>
			<xmin>161</xmin>
			<ymin>377</ymin>
			<xmax>242</xmax>
			<ymax>482</ymax>
		</bndbox>
	</object>
</annotation>
