<annotation>
	<folder>train</folder>
	<filename>image_289.png</filename>
	<path>C:\Users\asus\Downloads\training\images\train\image_289.png</path>
	<source>
		<database>Unknown</database>
	</source>
	<size>
		<width>640</width>
		<height>480</height>
		<depth>3</depth>
	</size>
	<segmented>0</segmented>
	<object>
		<name>Household : Recyclable</name>
		<pose>Unspecified</pose>
		<truncated>0</truncated>
		<difficult>0</difficult>
		<bndbox>
			<xmin>102</xmin>
			<ymin>136</ymin>
			<xmax>197</xmax>
			<ymax>242</ymax>
		</bndbox>
	</object>
	<object>
		<name>Household : Recyclable</name>
		<pose>Unspecified</pose>
		<truncated>0</truncated>
		<difficult>0</difficult>
		<bndbox>
			<xmin>82</xmin>
			<ymin>240</ymin>
			<xmax>167</xmax>
			<ymax>307</ymax>
		</bndbox>
	</object>
	<object>
		<name>Household : Recyclable</name>
		<pose>Unspecified</pose>
		<truncated>0</truncated>
		<difficult>0</difficult>
		<bndbox>
			<xmin>33</xmin>
			<ymin>336</ymin>
			<xmax>217</xmax>
			<ymax>474</ymax>
		</bndbox>
	</object>
	<object>
		<name>Household : Recyclable</name>
		<pose>Unspecified</pose>
		<truncated>0</truncated>
		<difficult>0</difficult>
		<bndbox>
			<xmin>173</xmin>
			<ymin>244</ymin>
			<xmax>368</xmax>
			<ymax>458</ymax>
		</bndbox>
	</object>
	<object>
		<name>Household : Recyclable</name>
		<pose>Unspecified</pose>
		<truncated>0</truncated>
		<difficult>0</difficult>
		<bndbox>
			<xmin>177</xmin>
			<ymin>175</ymin>
			<xmax>326</xmax>
			<ymax>289</ymax>
		</bndbox>
	</object>
</annotation>
