<annotation>
	<folder>train</folder>
	<filename>image_270.png</filename>
	<path>C:\Users\asus\Downloads\training\images\train\image_270.png</path>
	<source>
		<database>Unknown</database>
	</source>
	<size>
		<width>640</width>
		<height>480</height>
		<depth>3</depth>
	</size>
	<segmented>0</segmented>
	<object>
		<name>Household : Recyclable</name>
		<pose>Unspecified</pose>
		<truncated>0</truncated>
		<difficult>0</difficult>
		<bndbox>
			<xmin>247</xmin>
			<ymin>235</ymin>
			<xmax>326</xmax>
			<ymax>300</ymax>
		</bndbox>
	</object>
	<object>
		<name>Good</name>
		<pose>Unspecified</pose>
		<truncated>0</truncated>
		<difficult>0</difficult>
		<bndbox>
			<xmin>37</xmin>
			<ymin>7</ymin>
			<xmax>632</xmax>
			<ymax>181</ymax>
		</bndbox>
	</object>
</annotation>
