<annotation>
	<folder>train</folder>
	<filename>image_258.png</filename>
	<path>C:\Users\asus\Downloads\training\images\train\image_258.png</path>
	<source>
		<database>Unknown</database>
	</source>
	<size>
		<width>480</width>
		<height>640</height>
		<depth>3</depth>
	</size>
	<segmented>0</segmented>
	<object>
		<name>Household : Recyclable</name>
		<pose>Unspecified</pose>
		<truncated>0</truncated>
		<difficult>0</difficult>
		<bndbox>
			<xmin>216</xmin>
			<ymin>411</ymin>
			<xmax>287</xmax>
			<ymax>459</ymax>
		</bndbox>
	</object>
	<object>
		<name>Household : General</name>
		<pose>Unspecified</pose>
		<truncated>0</truncated>
		<difficult>0</difficult>
		<bndbox>
			<xmin>224</xmin>
			<ymin>345</ymin>
			<xmax>265</xmax>
			<ymax>382</ymax>
		</bndbox>
	</object>
	<object>
		<name>Good</name>
		<pose>Unspecified</pose>
		<truncated>1</truncated>
		<difficult>0</difficult>
		<bndbox>
			<xmin>1</xmin>
			<ymin>229</ymin>
			<xmax>190</xmax>
			<ymax>440</ymax>
		</bndbox>
	</object>
</annotation>
