<annotation>
	<folder>train</folder>
	<filename>image_392.png</filename>
	<path>C:\Users\asus\Downloads\training\images\train\image_392.png</path>
	<source>
		<database>Unknown</database>
	</source>
	<size>
		<width>640</width>
		<height>480</height>
		<depth>3</depth>
	</size>
	<segmented>0</segmented>
	<object>
		<name>Household : Bio-degradable</name>
		<pose>Unspecified</pose>
		<truncated>0</truncated>
		<difficult>0</difficult>
		<bndbox>
			<xmin>68</xmin>
			<ymin>355</ymin>
			<xmax>192</xmax>
			<ymax>404</ymax>
		</bndbox>
	</object>
	<object>
		<name>Household : Bio-degradable</name>
		<pose>Unspecified</pose>
		<truncated>0</truncated>
		<difficult>0</difficult>
		<bndbox>
			<xmin>363</xmin>
			<ymin>277</ymin>
			<xmax>387</xmax>
			<ymax>337</ymax>
		</bndbox>
	</object>
	<object>
		<name>Household : General</name>
		<pose>Unspecified</pose>
		<truncated>0</truncated>
		<difficult>0</difficult>
		<bndbox>
			<xmin>396</xmin>
			<ymin>283</ymin>
			<xmax>481</xmax>
			<ymax>356</ymax>
		</bndbox>
	</object>
</annotation>
