<annotation>
	<folder>train</folder>
	<filename>image_330.png</filename>
	<path>C:\Users\asus\Downloads\training\images\train\image_330.png</path>
	<source>
		<database>Unknown</database>
	</source>
	<size>
		<width>640</width>
		<height>480</height>
		<depth>3</depth>
	</size>
	<segmented>0</segmented>
	<object>
		<name>Household : General</name>
		<pose>Unspecified</pose>
		<truncated>0</truncated>
		<difficult>0</difficult>
		<bndbox>
			<xmin>141</xmin>
			<ymin>318</ymin>
			<xmax>251</xmax>
			<ymax>434</ymax>
		</bndbox>
	</object>
	<object>
		<name>Household : General</name>
		<pose>Unspecified</pose>
		<truncated>0</truncated>
		<difficult>0</difficult>
		<bndbox>
			<xmin>492</xmin>
			<ymin>110</ymin>
			<xmax>583</xmax>
			<ymax>154</ymax>
		</bndbox>
	</object>
</annotation>
