<annotation>
	<folder>train</folder>
	<filename>image_415.png</filename>
	<path>C:\Users\asus\Downloads\training\images\train\image_415.png</path>
	<source>
		<database>Unknown</database>
	</source>
	<size>
		<width>575</width>
		<height>363</height>
		<depth>3</depth>
	</size>
	<segmented>0</segmented>
	<object>
		<name>IGNORE</name>
		<pose>Unspecified</pose>
		<truncated>0</truncated>
		<difficult>0</difficult>
		<bndbox>
			<xmin>298</xmin>
			<ymin>68</ymin>
			<xmax>357</xmax>
			<ymax>88</ymax>
		</bndbox>
	</object>
	<object>
		<name>IGNORE</name>
		<pose>Unspecified</pose>
		<truncated>0</truncated>
		<difficult>0</difficult>
		<bndbox>
			<xmin>4</xmin>
			<ymin>66</ymin>
			<xmax>83</xmax>
			<ymax>88</ymax>
		</bndbox>
	</object>
	<object>
		<name>BAD</name>
		<pose>Unspecified</pose>
		<truncated>0</truncated>
		<difficult>0</difficult>
		<bndbox>
			<xmin>66</xmin>
			<ymin>214</ymin>
			<xmax>144</xmax>
			<ymax>276</ymax>
		</bndbox>
	</object>
	<object>
		<name>BAD</name>
		<pose>Unspecified</pose>
		<truncated>0</truncated>
		<difficult>0</difficult>
		<bndbox>
			<xmin>121</xmin>
			<ymin>255</ymin>
			<xmax>197</xmax>
			<ymax>332</ymax>
		</bndbox>
	</object>
	<object>
		<name>BAD</name>
		<pose>Unspecified</pose>
		<truncated>0</truncated>
		<difficult>0</difficult>
		<bndbox>
			<xmin>163</xmin>
			<ymin>310</ymin>
			<xmax>240</xmax>
			<ymax>361</ymax>
		</bndbox>
	</object>
	<object>
		<name>BAD</name>
		<pose>Unspecified</pose>
		<truncated>0</truncated>
		<difficult>0</difficult>
		<bndbox>
			<xmin>179</xmin>
			<ymin>261</ymin>
			<xmax>223</xmax>
			<ymax>297</ymax>
		</bndbox>
	</object>
</annotation>
