<annotation>
	<folder>train</folder>
	<filename>image_432.png</filename>
	<path>C:\Users\asus\Downloads\training\images\train\image_432.png</path>
	<source>
		<database>Unknown</database>
	</source>
	<size>
		<width>1200</width>
		<height>452</height>
		<depth>3</depth>
	</size>
	<segmented>0</segmented>
	<object>
		<name>IGNORE</name>
		<pose>Unspecified</pose>
		<truncated>0</truncated>
		<difficult>0</difficult>
		<bndbox>
			<xmin>737</xmin>
			<ymin>344</ymin>
			<xmax>861</xmax>
			<ymax>392</ymax>
		</bndbox>
	</object>
	<object>
		<name>IGNORE</name>
		<pose>Unspecified</pose>
		<truncated>0</truncated>
		<difficult>0</difficult>
		<bndbox>
			<xmin>211</xmin>
			<ymin>348</ymin>
			<xmax>343</xmax>
			<ymax>396</ymax>
		</bndbox>
	</object>
	<object>
		<name>Good</name>
		<pose>Unspecified</pose>
		<truncated>0</truncated>
		<difficult>0</difficult>
		<bndbox>
			<xmin>758</xmin>
			<ymin>98</ymin>
			<xmax>1193</xmax>
			<ymax>316</ymax>
		</bndbox>
	</object>
	<object>
		<name>Good</name>
		<pose>Unspecified</pose>
		<truncated>1</truncated>
		<difficult>0</difficult>
		<bndbox>
			<xmin>598</xmin>
			<ymin>125</ymin>
			<xmax>1200</xmax>
			<ymax>328</ymax>
		</bndbox>
	</object>
	<object>
		<name>Good</name>
		<pose>Unspecified</pose>
		<truncated>0</truncated>
		<difficult>0</difficult>
		<bndbox>
			<xmin>641</xmin>
			<ymin>105</ymin>
			<xmax>1135</xmax>
			<ymax>239</ymax>
		</bndbox>
	</object>
	<object>
		<name>BAD</name>
		<pose>Unspecified</pose>
		<truncated>0</truncated>
		<difficult>0</difficult>
		<bndbox>
			<xmin>368</xmin>
			<ymin>105</ymin>
			<xmax>544</xmax>
			<ymax>198</ymax>
		</bndbox>
	</object>
	<object>
		<name>BAD</name>
		<pose>Unspecified</pose>
		<truncated>0</truncated>
		<difficult>0</difficult>
		<bndbox>
			<xmin>283</xmin>
			<ymin>107</ymin>
			<xmax>382</xmax>
			<ymax>207</ymax>
		</bndbox>
	</object>
	<object>
		<name>BAD</name>
		<pose>Unspecified</pose>
		<truncated>0</truncated>
		<difficult>0</difficult>
		<bndbox>
			<xmin>182</xmin>
			<ymin>106</ymin>
			<xmax>317</xmax>
			<ymax>215</ymax>
		</bndbox>
	</object>
	<object>
		<name>BAD</name>
		<pose>Unspecified</pose>
		<truncated>0</truncated>
		<difficult>0</difficult>
		<bndbox>
			<xmin>92</xmin>
			<ymin>116</ymin>
			<xmax>234</xmax>
			<ymax>224</ymax>
		</bndbox>
	</object>
	<object>
		<name>BAD</name>
		<pose>Unspecified</pose>
		<truncated>0</truncated>
		<difficult>0</difficult>
		<bndbox>
			<xmin>62</xmin>
			<ymin>122</ymin>
			<xmax>522</xmax>
			<ymax>220</ymax>
		</bndbox>
	</object>
	<object>
		<name>BAD</name>
		<pose>Unspecified</pose>
		<truncated>0</truncated>
		<difficult>0</difficult>
		<bndbox>
			<xmin>106</xmin>
			<ymin>105</ymin>
			<xmax>561</xmax>
			<ymax>241</ymax>
		</bndbox>
	</object>
</annotation>
