<annotation>
	<folder>train</folder>
	<filename>image_343.png</filename>
	<path>C:\Users\asus\Downloads\training\images\train\image_343.png</path>
	<source>
		<database>Unknown</database>
	</source>
	<size>
		<width>640</width>
		<height>480</height>
		<depth>3</depth>
	</size>
	<segmented>0</segmented>
	<object>
		<name>Household : General</name>
		<pose>Unspecified</pose>
		<truncated>0</truncated>
		<difficult>0</difficult>
		<bndbox>
			<xmin>381</xmin>
			<ymin>230</ymin>
			<xmax>576</xmax>
			<ymax>322</ymax>
		</bndbox>
	</object>
	<object>
		<name>Household : Recyclable</name>
		<pose>Unspecified</pose>
		<truncated>0</truncated>
		<difficult>0</difficult>
		<bndbox>
			<xmin>178</xmin>
			<ymin>302</ymin>
			<xmax>241</xmax>
			<ymax>347</ymax>
		</bndbox>
	</object>
</annotation>
