<annotation>
	<folder>train</folder>
	<filename>image_369.png</filename>
	<path>C:\Users\asus\Downloads\training\images\train\image_369.png</path>
	<source>
		<database>Unknown</database>
	</source>
	<size>
		<width>480</width>
		<height>640</height>
		<depth>3</depth>
	</size>
	<segmented>0</segmented>
	<object>
		<name>Household : General</name>
		<pose>Unspecified</pose>
		<truncated>0</truncated>
		<difficult>0</difficult>
		<bndbox>
			<xmin>189</xmin>
			<ymin>385</ymin>
			<xmax>270</xmax>
			<ymax>440</ymax>
		</bndbox>
	</object>
	<object>
		<name>Household : General</name>
		<pose>Unspecified</pose>
		<truncated>0</truncated>
		<difficult>0</difficult>
		<bndbox>
			<xmin>224</xmin>
			<ymin>237</ymin>
			<xmax>258</xmax>
			<ymax>278</ymax>
		</bndbox>
	</object>
</annotation>
