<annotation>
	<folder>train</folder>
	<filename>image_380.png</filename>
	<path>C:\Users\asus\Downloads\training\images\train\image_380.png</path>
	<source>
		<database>Unknown</database>
	</source>
	<size>
		<width>640</width>
		<height>480</height>
		<depth>3</depth>
	</size>
	<segmented>0</segmented>
	<object>
		<name>Household : Recyclable</name>
		<pose>Unspecified</pose>
		<truncated>0</truncated>
		<difficult>0</difficult>
		<bndbox>
			<xmin>282</xmin>
			<ymin>134</ymin>
			<xmax>392</xmax>
			<ymax>223</ymax>
		</bndbox>
	</object>
</annotation>
