<annotation>
	<folder>train</folder>
	<filename>image_383.png</filename>
	<path>C:\Users\asus\Downloads\training\images\train\image_383.png</path>
	<source>
		<database>Unknown</database>
	</source>
	<size>
		<width>480</width>
		<height>640</height>
		<depth>3</depth>
	</size>
	<segmented>0</segmented>
	<object>
		<name>Household : Bio-degradable</name>
		<pose>Unspecified</pose>
		<truncated>0</truncated>
		<difficult>0</difficult>
		<bndbox>
			<xmin>11</xmin>
			<ymin>257</ymin>
			<xmax>131</xmax>
			<ymax>458</ymax>
		</bndbox>
	</object>
	<object>
		<name>Household : General</name>
		<pose>Unspecified</pose>
		<truncated>0</truncated>
		<difficult>0</difficult>
		<bndbox>
			<xmin>297</xmin>
			<ymin>291</ymin>
			<xmax>352</xmax>
			<ymax>349</ymax>
		</bndbox>
	</object>
</annotation>
