<annotation>
	<folder>train</folder>
	<filename>image_396.png</filename>
	<path>C:\Users\asus\Downloads\training\images\train\image_396.png</path>
	<source>
		<database>Unknown</database>
	</source>
	<size>
		<width>640</width>
		<height>480</height>
		<depth>3</depth>
	</size>
	<segmented>0</segmented>
	<object>
		<name>Household : Recyclable</name>
		<pose>Unspecified</pose>
		<truncated>0</truncated>
		<difficult>0</difficult>
		<bndbox>
			<xmin>413</xmin>
			<ymin>376</ymin>
			<xmax>474</xmax>
			<ymax>411</ymax>
		</bndbox>
	</object>
	<object>
		<name>Household : Bio-degradable</name>
		<pose>Unspecified</pose>
		<truncated>0</truncated>
		<difficult>0</difficult>
		<bndbox>
			<xmin>2</xmin>
			<ymin>281</ymin>
			<xmax>72</xmax>
			<ymax>343</ymax>
		</bndbox>
	</object>
</annotation>
