<annotation>
	<folder>train</folder>
	<filename>image_402.png</filename>
	<path>C:\Users\asus\Downloads\training\images\train\image_402.png</path>
	<source>
		<database>Unknown</database>
	</source>
	<size>
		<width>1200</width>
		<height>667</height>
		<depth>3</depth>
	</size>
	<segmented>0</segmented>
	<object>
		<name>BAD</name>
		<pose>Unspecified</pose>
		<truncated>0</truncated>
		<difficult>0</difficult>
		<bndbox>
			<xmin>7</xmin>
			<ymin>110</ymin>
			<xmax>582</xmax>
			<ymax>554</ymax>
		</bndbox>
	</object>
	<object>
		<name>IGNORE</name>
		<pose>Unspecified</pose>
		<truncated>1</truncated>
		<difficult>0</difficult>
		<bndbox>
			<xmin>1</xmin>
			<ymin>582</ymin>
			<xmax>438</xmax>
			<ymax>638</ymax>
		</bndbox>
	</object>
	<object>
		<name>IGNORE</name>
		<pose>Unspecified</pose>
		<truncated>1</truncated>
		<difficult>0</difficult>
		<bndbox>
			<xmin>767</xmin>
			<ymin>580</ymin>
			<xmax>1200</xmax>
			<ymax>637</ymax>
		</bndbox>
	</object>
	<object>
		<name>Good</name>
		<pose>Unspecified</pose>
		<truncated>1</truncated>
		<difficult>0</difficult>
		<bndbox>
			<xmin>646</xmin>
			<ymin>425</ymin>
			<xmax>1200</xmax>
			<ymax>562</ymax>
		</bndbox>
	</object>
	<object>
		<name>Good</name>
		<pose>Unspecified</pose>
		<truncated>1</truncated>
		<difficult>0</difficult>
		<bndbox>
			<xmin>941</xmin>
			<ymin>368</ymin>
			<xmax>1200</xmax>
			<ymax>428</ymax>
		</bndbox>
	</object>
</annotation>
