<annotation>
	<folder>train</folder>
	<filename>image_406.png</filename>
	<path>C:\Users\asus\Downloads\training\images\train\image_406.png</path>
	<source>
		<database>Unknown</database>
	</source>
	<size>
		<width>258</width>
		<height>390</height>
		<depth>3</depth>
	</size>
	<segmented>0</segmented>
	<object>
		<name>Industrial : Recyclable</name>
		<pose>Unspecified</pose>
		<truncated>0</truncated>
		<difficult>0</difficult>
		<bndbox>
			<xmin>2</xmin>
			<ymin>129</ymin>
			<xmax>36</xmax>
			<ymax>151</ymax>
		</bndbox>
	</object>
	<object>
		<name>Household : General</name>
		<pose>Unspecified</pose>
		<truncated>1</truncated>
		<difficult>0</difficult>
		<bndbox>
			<xmin>213</xmin>
			<ymin>90</ymin>
			<xmax>258</xmax>
			<ymax>111</ymax>
		</bndbox>
	</object>
	<object>
		<name>BAD</name>
		<pose>Unspecified</pose>
		<truncated>0</truncated>
		<difficult>0</difficult>
		<bndbox>
			<xmin>165</xmin>
			<ymin>70</ymin>
			<xmax>245</xmax>
			<ymax>87</ymax>
		</bndbox>
	</object>
	<object>
		<name>Good</name>
		<pose>Unspecified</pose>
		<truncated>1</truncated>
		<difficult>0</difficult>
		<bndbox>
			<xmin>190</xmin>
			<ymin>271</ymin>
			<xmax>258</xmax>
			<ymax>385</ymax>
		</bndbox>
	</object>
	<object>
		<name>Good</name>
		<pose>Unspecified</pose>
		<truncated>0</truncated>
		<difficult>0</difficult>
		<bndbox>
			<xmin>90</xmin>
			<ymin>282</ymin>
			<xmax>220</xmax>
			<ymax>388</ymax>
		</bndbox>
	</object>
	<object>
		<name>Good</name>
		<pose>Unspecified</pose>
		<truncated>0</truncated>
		<difficult>0</difficult>
		<bndbox>
			<xmin>27</xmin>
			<ymin>270</ymin>
			<xmax>108</xmax>
			<ymax>389</ymax>
		</bndbox>
	</object>
	<object>
		<name>Good</name>
		<pose>Unspecified</pose>
		<truncated>1</truncated>
		<difficult>0</difficult>
		<bndbox>
			<xmin>1</xmin>
			<ymin>281</ymin>
			<xmax>258</xmax>
			<ymax>390</ymax>
		</bndbox>
	</object>
	<object>
		<name>Household : General</name>
		<pose>Unspecified</pose>
		<truncated>1</truncated>
		<difficult>0</difficult>
		<bndbox>
			<xmin>155</xmin>
			<ymin>113</ymin>
			<xmax>258</xmax>
			<ymax>197</ymax>
		</bndbox>
	</object>
</annotation>
