<annotation>
	<folder>train</folder>
	<filename>image_390.png</filename>
	<path>C:\Users\asus\Downloads\training\images\train\image_390.png</path>
	<source>
		<database>Unknown</database>
	</source>
	<size>
		<width>640</width>
		<height>480</height>
		<depth>3</depth>
	</size>
	<segmented>0</segmented>
	<object>
		<name>Household : Recyclable</name>
		<pose>Unspecified</pose>
		<truncated>0</truncated>
		<difficult>0</difficult>
		<bndbox>
			<xmin>268</xmin>
			<ymin>270</ymin>
			<xmax>377</xmax>
			<ymax>349</ymax>
		</bndbox>
	</object>
</annotation>
