<annotation>
	<folder>train</folder>
	<filename>image_314.png</filename>
	<path>C:\Users\asus\Downloads\training\images\train\image_314.png</path>
	<source>
		<database>Unknown</database>
	</source>
	<size>
		<width>640</width>
		<height>480</height>
		<depth>3</depth>
	</size>
	<segmented>0</segmented>
	<object>
		<name>Household : Bio-degradable</name>
		<pose>Unspecified</pose>
		<truncated>0</truncated>
		<difficult>0</difficult>
		<bndbox>
			<xmin>99</xmin>
			<ymin>324</ymin>
			<xmax>370</xmax>
			<ymax>452</ymax>
		</bndbox>
	</object>
	<object>
		<name>Household : General</name>
		<pose>Unspecified</pose>
		<truncated>0</truncated>
		<difficult>0</difficult>
		<bndbox>
			<xmin>395</xmin>
			<ymin>242</ymin>
			<xmax>454</xmax>
			<ymax>274</ymax>
		</bndbox>
	</object>
</annotation>
