<annotation>
	<folder>train</folder>
	<filename>image_340.png</filename>
	<path>C:\Users\asus\Downloads\training\images\train\image_340.png</path>
	<source>
		<database>Unknown</database>
	</source>
	<size>
		<width>640</width>
		<height>480</height>
		<depth>3</depth>
	</size>
	<segmented>0</segmented>
	<object>
		<name>Industrial : Recyclable</name>
		<pose>Unspecified</pose>
		<truncated>0</truncated>
		<difficult>0</difficult>
		<bndbox>
			<xmin>321</xmin>
			<ymin>57</ymin>
			<xmax>417</xmax>
			<ymax>309</ymax>
		</bndbox>
	</object>
</annotation>
