<annotation>
	<folder>train</folder>
	<filename>image_395.png</filename>
	<path>C:\Users\asus\Downloads\training\images\train\image_395.png</path>
	<source>
		<database>Unknown</database>
	</source>
	<size>
		<width>640</width>
		<height>480</height>
		<depth>3</depth>
	</size>
	<segmented>0</segmented>
	<object>
		<name>Household : General</name>
		<pose>Unspecified</pose>
		<truncated>0</truncated>
		<difficult>0</difficult>
		<bndbox>
			<xmin>168</xmin>
			<ymin>231</ymin>
			<xmax>236</xmax>
			<ymax>295</ymax>
		</bndbox>
	</object>
</annotation>
