<annotation>
	<folder>train</folder>
	<filename>image_401.png</filename>
	<path>C:\Users\asus\Downloads\training\images\train\image_401.png</path>
	<source>
		<database>Unknown</database>
	</source>
	<size>
		<width>700</width>
		<height>206</height>
		<depth>3</depth>
	</size>
	<segmented>0</segmented>
	<object>
		<name>BAD</name>
		<pose>Unspecified</pose>
		<truncated>1</truncated>
		<difficult>0</difficult>
		<bndbox>
			<xmin>1</xmin>
			<ymin>46</ymin>
			<xmax>332</xmax>
			<ymax>203</ymax>
		</bndbox>
	</object>
	<object>
		<name>Household : General</name>
		<pose>Unspecified</pose>
		<truncated>0</truncated>
		<difficult>0</difficult>
		<bndbox>
			<xmin>23</xmin>
			<ymin>109</ymin>
			<xmax>60</xmax>
			<ymax>193</ymax>
		</bndbox>
	</object>
</annotation>
