<annotation>
	<folder>train</folder>
	<filename>image_414.png</filename>
	<path>C:\Users\asus\Downloads\training\images\train\image_414.png</path>
	<source>
		<database>Unknown</database>
	</source>
	<size>
		<width>520</width>
		<height>390</height>
		<depth>3</depth>
	</size>
	<segmented>0</segmented>
	<object>
		<name>Industrial : General</name>
		<pose>Unspecified</pose>
		<truncated>0</truncated>
		<difficult>0</difficult>
		<bndbox>
			<xmin>256</xmin>
			<ymin>99</ymin>
			<xmax>340</xmax>
			<ymax>141</ymax>
		</bndbox>
	</object>
	<object>
		<name>Industrial : General</name>
		<pose>Unspecified</pose>
		<truncated>0</truncated>
		<difficult>0</difficult>
		<bndbox>
			<xmin>333</xmin>
			<ymin>112</ymin>
			<xmax>416</xmax>
			<ymax>167</ymax>
		</bndbox>
	</object>
	<object>
		<name>Industrial : General</name>
		<pose>Unspecified</pose>
		<truncated>0</truncated>
		<difficult>0</difficult>
		<bndbox>
			<xmin>184</xmin>
			<ymin>117</ymin>
			<xmax>279</xmax>
			<ymax>154</ymax>
		</bndbox>
	</object>
	<object>
		<name>Industrial : General</name>
		<pose>Unspecified</pose>
		<truncated>0</truncated>
		<difficult>0</difficult>
		<bndbox>
			<xmin>213</xmin>
			<ymin>74</ymin>
			<xmax>316</xmax>
			<ymax>106</ymax>
		</bndbox>
	</object>
	<object>
		<name>Good</name>
		<pose>Unspecified</pose>
		<truncated>0</truncated>
		<difficult>0</difficult>
		<bndbox>
			<xmin>113</xmin>
			<ymin>300</ymin>
			<xmax>293</xmax>
			<ymax>342</ymax>
		</bndbox>
	</object>
	<object>
		<name>Good</name>
		<pose>Unspecified</pose>
		<truncated>1</truncated>
		<difficult>0</difficult>
		<bndbox>
			<xmin>389</xmin>
			<ymin>326</ymin>
			<xmax>513</xmax>
			<ymax>390</ymax>
		</bndbox>
	</object>
	<object>
		<name>Good</name>
		<pose>Unspecified</pose>
		<truncated>0</truncated>
		<difficult>0</difficult>
		<bndbox>
			<xmin>5</xmin>
			<ymin>290</ymin>
			<xmax>120</xmax>
			<ymax>328</ymax>
		</bndbox>
	</object>
	<object>
		<name>Good</name>
		<pose>Unspecified</pose>
		<truncated>0</truncated>
		<difficult>0</difficult>
		<bndbox>
			<xmin>295</xmin>
			<ymin>322</ymin>
			<xmax>401</xmax>
			<ymax>372</ymax>
		</bndbox>
	</object>
	<object>
		<name>IGNORE</name>
		<pose>Unspecified</pose>
		<truncated>0</truncated>
		<difficult>0</difficult>
		<bndbox>
			<xmin>409</xmin>
			<ymin>202</ymin>
			<xmax>516</xmax>
			<ymax>241</ymax>
		</bndbox>
	</object>
	<object>
		<name>IGNORE</name>
		<pose>Unspecified</pose>
		<truncated>0</truncated>
		<difficult>0</difficult>
		<bndbox>
			<xmin>378</xmin>
			<ymin>8</ymin>
			<xmax>516</xmax>
			<ymax>51</ymax>
		</bndbox>
	</object>
</annotation>
