<annotation>
	<folder>train</folder>
	<filename>image_361.png</filename>
	<path>C:\Users\asus\Downloads\training\images\train\image_361.png</path>
	<source>
		<database>Unknown</database>
	</source>
	<size>
		<width>640</width>
		<height>480</height>
		<depth>3</depth>
	</size>
	<segmented>0</segmented>
	<object>
		<name>Household : General</name>
		<pose>Unspecified</pose>
		<truncated>0</truncated>
		<difficult>0</difficult>
		<bndbox>
			<xmin>487</xmin>
			<ymin>268</ymin>
			<xmax>514</xmax>
			<ymax>302</ymax>
		</bndbox>
	</object>
	<object>
		<name>Household : General</name>
		<pose>Unspecified</pose>
		<truncated>0</truncated>
		<difficult>0</difficult>
		<bndbox>
			<xmin>92</xmin>
			<ymin>190</ymin>
			<xmax>194</xmax>
			<ymax>223</ymax>
		</bndbox>
	</object>
</annotation>
