<annotation>
	<folder>train</folder>
	<filename>image_363.png</filename>
	<path>C:\Users\asus\Downloads\training\images\train\image_363.png</path>
	<source>
		<database>Unknown</database>
	</source>
	<size>
		<width>640</width>
		<height>480</height>
		<depth>3</depth>
	</size>
	<segmented>0</segmented>
	<object>
		<name>Household : General</name>
		<pose>Unspecified</pose>
		<truncated>0</truncated>
		<difficult>0</difficult>
		<bndbox>
			<xmin>131</xmin>
			<ymin>216</ymin>
			<xmax>190</xmax>
			<ymax>260</ymax>
		</bndbox>
	</object>
</annotation>
