<annotation>
	<folder>train</folder>
	<filename>image_375.png</filename>
	<path>C:\Users\asus\Downloads\training\images\train\image_375.png</path>
	<source>
		<database>Unknown</database>
	</source>
	<size>
		<width>640</width>
		<height>480</height>
		<depth>3</depth>
	</size>
	<segmented>0</segmented>
	<object>
		<name>Household : Recyclable</name>
		<pose>Unspecified</pose>
		<truncated>0</truncated>
		<difficult>0</difficult>
		<bndbox>
			<xmin>295</xmin>
			<ymin>242</ymin>
			<xmax>325</xmax>
			<ymax>271</ymax>
		</bndbox>
	</object>
	<object>
		<name>Household : Bio-degradable</name>
		<pose>Unspecified</pose>
		<truncated>0</truncated>
		<difficult>0</difficult>
		<bndbox>
			<xmin>211</xmin>
			<ymin>201</ymin>
			<xmax>296</xmax>
			<ymax>332</ymax>
		</bndbox>
	</object>
	<object>
		<name>Household : Bio-degradable</name>
		<pose>Unspecified</pose>
		<truncated>0</truncated>
		<difficult>0</difficult>
		<bndbox>
			<xmin>284</xmin>
			<ymin>286</ymin>
			<xmax>395</xmax>
			<ymax>370</ymax>
		</bndbox>
	</object>
</annotation>
