<annotation>
	<folder>train</folder>
	<filename>image_319.png</filename>
	<path>C:\Users\asus\Downloads\training\images\train\image_319.png</path>
	<source>
		<database>Unknown</database>
	</source>
	<size>
		<width>640</width>
		<height>480</height>
		<depth>3</depth>
	</size>
	<segmented>0</segmented>
	<object>
		<name>Household : General</name>
		<pose>Unspecified</pose>
		<truncated>0</truncated>
		<difficult>0</difficult>
		<bndbox>
			<xmin>232</xmin>
			<ymin>127</ymin>
			<xmax>289</xmax>
			<ymax>194</ymax>
		</bndbox>
	</object>
	<object>
		<name>Household : General</name>
		<pose>Unspecified</pose>
		<truncated>0</truncated>
		<difficult>0</difficult>
		<bndbox>
			<xmin>299</xmin>
			<ymin>117</ymin>
			<xmax>352</xmax>
			<ymax>185</ymax>
		</bndbox>
	</object>
</annotation>
