<annotation>
	<folder>train</folder>
	<filename>image_400.png</filename>
	<path>C:\Users\asus\Downloads\training\images\train\image_400.png</path>
	<source>
		<database>Unknown</database>
	</source>
	<size>
		<width>640</width>
		<height>480</height>
		<depth>3</depth>
	</size>
	<segmented>0</segmented>
	<object>
		<name>Household : Recyclable</name>
		<pose>Unspecified</pose>
		<truncated>0</truncated>
		<difficult>0</difficult>
		<bndbox>
			<xmin>54</xmin>
			<ymin>295</ymin>
			<xmax>161</xmax>
			<ymax>369</ymax>
		</bndbox>
	</object>
	<object>
		<name>Household : General</name>
		<pose>Unspecified</pose>
		<truncated>0</truncated>
		<difficult>0</difficult>
		<bndbox>
			<xmin>203</xmin>
			<ymin>354</ymin>
			<xmax>262</xmax>
			<ymax>411</ymax>
		</bndbox>
	</object>
</annotation>
