<annotation>
	<folder>train</folder>
	<filename>image_339.png</filename>
	<path>C:\Users\asus\Downloads\training\images\train\image_339.png</path>
	<source>
		<database>Unknown</database>
	</source>
	<size>
		<width>640</width>
		<height>480</height>
		<depth>3</depth>
	</size>
	<segmented>0</segmented>
	<object>
		<name>Household : Bio-degradable</name>
		<pose>Unspecified</pose>
		<truncated>0</truncated>
		<difficult>0</difficult>
		<bndbox>
			<xmin>299</xmin>
			<ymin>67</ymin>
			<xmax>435</xmax>
			<ymax>158</ymax>
		</bndbox>
	</object>
	<object>
		<name>Household : General</name>
		<pose>Unspecified</pose>
		<truncated>0</truncated>
		<difficult>0</difficult>
		<bndbox>
			<xmin>332</xmin>
			<ymin>357</ymin>
			<xmax>408</xmax>
			<ymax>430</ymax>
		</bndbox>
	</object>
	<object>
		<name>Hospital and Labs : Regular</name>
		<pose>Unspecified</pose>
		<truncated>0</truncated>
		<difficult>0</difficult>
		<bndbox>
			<xmin>317</xmin>
			<ymin>291</ymin>
			<xmax>371</xmax>
			<ymax>342</ymax>
		</bndbox>
	</object>
	<object>
		<name>Household : Bio-degradable</name>
		<pose>Unspecified</pose>
		<truncated>0</truncated>
		<difficult>0</difficult>
		<bndbox>
			<xmin>455</xmin>
			<ymin>220</ymin>
			<xmax>573</xmax>
			<ymax>390</ymax>
		</bndbox>
	</object>
	<object>
		<name>Household : General</name>
		<pose>Unspecified</pose>
		<truncated>0</truncated>
		<difficult>0</difficult>
		<bndbox>
			<xmin>101</xmin>
			<ymin>193</ymin>
			<xmax>223</xmax>
			<ymax>274</ymax>
		</bndbox>
	</object>
</annotation>
