<annotation>
	<folder>train</folder>
	<filename>image_412.png</filename>
	<path>C:\Users\asus\Downloads\training\images\train\image_412.png</path>
	<source>
		<database>Unknown</database>
	</source>
	<size>
		<width>474</width>
		<height>539</height>
		<depth>3</depth>
	</size>
	<segmented>0</segmented>
	<object>
		<name>Household : General</name>
		<pose>Unspecified</pose>
		<truncated>0</truncated>
		<difficult>0</difficult>
		<bndbox>
			<xmin>219</xmin>
			<ymin>194</ymin>
			<xmax>253</xmax>
			<ymax>247</ymax>
		</bndbox>
	</object>
	<object>
		<name>BAD</name>
		<pose>Unspecified</pose>
		<truncated>0</truncated>
		<difficult>0</difficult>
		<bndbox>
			<xmin>306</xmin>
			<ymin>177</ymin>
			<xmax>396</xmax>
			<ymax>256</ymax>
		</bndbox>
	</object>
	<object>
		<name>Good</name>
		<pose>Unspecified</pose>
		<truncated>0</truncated>
		<difficult>0</difficult>
		<bndbox>
			<xmin>20</xmin>
			<ymin>419</ymin>
			<xmax>160</xmax>
			<ymax>486</ymax>
		</bndbox>
	</object>
	<object>
		<name>Good</name>
		<pose>Unspecified</pose>
		<truncated>0</truncated>
		<difficult>0</difficult>
		<bndbox>
			<xmin>181</xmin>
			<ymin>401</ymin>
			<xmax>442</xmax>
			<ymax>524</ymax>
		</bndbox>
	</object>
	<object>
		<name>IGNORE</name>
		<pose>Unspecified</pose>
		<truncated>0</truncated>
		<difficult>0</difficult>
		<bndbox>
			<xmin>24</xmin>
			<ymin>215</ymin>
			<xmax>152</xmax>
			<ymax>254</ymax>
		</bndbox>
	</object>
	<object>
		<name>IGNORE</name>
		<pose>Unspecified</pose>
		<truncated>0</truncated>
		<difficult>0</difficult>
		<bndbox>
			<xmin>27</xmin>
			<ymin>486</ymin>
			<xmax>143</xmax>
			<ymax>528</ymax>
		</bndbox>
	</object>
</annotation>
