<annotation>
	<folder>train</folder>
	<filename>image_399.png</filename>
	<path>C:\Users\asus\Downloads\training\images\train\image_399.png</path>
	<source>
		<database>Unknown</database>
	</source>
	<size>
		<width>640</width>
		<height>480</height>
		<depth>3</depth>
	</size>
	<segmented>0</segmented>
	<object>
		<name>Household : General</name>
		<pose>Unspecified</pose>
		<truncated>0</truncated>
		<difficult>0</difficult>
		<bndbox>
			<xmin>299</xmin>
			<ymin>129</ymin>
			<xmax>351</xmax>
			<ymax>176</ymax>
		</bndbox>
	</object>
	<object>
		<name>Household : General</name>
		<pose>Unspecified</pose>
		<truncated>0</truncated>
		<difficult>0</difficult>
		<bndbox>
			<xmin>360</xmin>
			<ymin>281</ymin>
			<xmax>436</xmax>
			<ymax>345</ymax>
		</bndbox>
	</object>
</annotation>
