<annotation>
	<folder>train</folder>
	<filename>image_436.png</filename>
	<path>C:\Users\asus\Downloads\training\images\train\image_436.png</path>
	<source>
		<database>Unknown</database>
	</source>
	<size>
		<width>600</width>
		<height>228</height>
		<depth>3</depth>
	</size>
	<segmented>0</segmented>
	<object>
		<name>BAD</name>
		<pose>Unspecified</pose>
		<truncated>1</truncated>
		<difficult>0</difficult>
		<bndbox>
			<xmin>66</xmin>
			<ymin>173</ymin>
			<xmax>217</xmax>
			<ymax>228</ymax>
		</bndbox>
	</object>
	<object>
		<name>BAD</name>
		<pose>Unspecified</pose>
		<truncated>1</truncated>
		<difficult>0</difficult>
		<bndbox>
			<xmin>170</xmin>
			<ymin>176</ymin>
			<xmax>302</xmax>
			<ymax>228</ymax>
		</bndbox>
	</object>
	<object>
		<name>BAD</name>
		<pose>Unspecified</pose>
		<truncated>1</truncated>
		<difficult>0</difficult>
		<bndbox>
			<xmin>49</xmin>
			<ymin>150</ymin>
			<xmax>291</xmax>
			<ymax>228</ymax>
		</bndbox>
	</object>
	<object>
		<name>Household : General</name>
		<pose>Unspecified</pose>
		<truncated>0</truncated>
		<difficult>0</difficult>
		<bndbox>
			<xmin>133</xmin>
			<ymin>190</ymin>
			<xmax>182</xmax>
			<ymax>223</ymax>
		</bndbox>
	</object>
	<object>
		<name>Good</name>
		<pose>Unspecified</pose>
		<truncated>0</truncated>
		<difficult>0</difficult>
		<bndbox>
			<xmin>315</xmin>
			<ymin>111</ymin>
			<xmax>530</xmax>
			<ymax>212</ymax>
		</bndbox>
	</object>
	<object>
		<name>Good</name>
		<pose>Unspecified</pose>
		<truncated>1</truncated>
		<difficult>0</difficult>
		<bndbox>
			<xmin>420</xmin>
			<ymin>140</ymin>
			<xmax>600</xmax>
			<ymax>211</ymax>
		</bndbox>
	</object>
	<object>
		<name>Good</name>
		<pose>Unspecified</pose>
		<truncated>1</truncated>
		<difficult>0</difficult>
		<bndbox>
			<xmin>342</xmin>
			<ymin>119</ymin>
			<xmax>600</xmax>
			<ymax>214</ymax>
		</bndbox>
	</object>
</annotation>
