<annotation>
	<folder>train</folder>
	<filename>image_376.png</filename>
	<path>C:\Users\asus\Downloads\training\images\train\image_376.png</path>
	<source>
		<database>Unknown</database>
	</source>
	<size>
		<width>480</width>
		<height>640</height>
		<depth>3</depth>
	</size>
	<segmented>0</segmented>
	<object>
		<name>Household : Recyclable</name>
		<pose>Unspecified</pose>
		<truncated>0</truncated>
		<difficult>0</difficult>
		<bndbox>
			<xmin>192</xmin>
			<ymin>416</ymin>
			<xmax>233</xmax>
			<ymax>456</ymax>
		</bndbox>
	</object>
	<object>
		<name>Household : Bio-degradable</name>
		<pose>Unspecified</pose>
		<truncated>1</truncated>
		<difficult>0</difficult>
		<bndbox>
			<xmin>184</xmin>
			<ymin>547</ymin>
			<xmax>378</xmax>
			<ymax>640</ymax>
		</bndbox>
	</object>
</annotation>
