<annotation>
	<folder>train</folder>
	<filename>image_393.png</filename>
	<path>C:\Users\asus\Downloads\training\images\train\image_393.png</path>
	<source>
		<database>Unknown</database>
	</source>
	<size>
		<width>480</width>
		<height>640</height>
		<depth>3</depth>
	</size>
	<segmented>0</segmented>
	<object>
		<name>Household : General</name>
		<pose>Unspecified</pose>
		<truncated>0</truncated>
		<difficult>0</difficult>
		<bndbox>
			<xmin>233</xmin>
			<ymin>244</ymin>
			<xmax>341</xmax>
			<ymax>345</ymax>
		</bndbox>
	</object>
	<object>
		<name>Household : Bio-degradable</name>
		<pose>Unspecified</pose>
		<truncated>0</truncated>
		<difficult>0</difficult>
		<bndbox>
			<xmin>128</xmin>
			<ymin>132</ymin>
			<xmax>344</xmax>
			<ymax>236</ymax>
		</bndbox>
	</object>
</annotation>
