<annotation>
	<folder>train</folder>
	<filename>image_331.png</filename>
	<path>C:\Users\asus\Downloads\training\images\train\image_331.png</path>
	<source>
		<database>Unknown</database>
	</source>
	<size>
		<width>640</width>
		<height>480</height>
		<depth>3</depth>
	</size>
	<segmented>0</segmented>
	<object>
		<name>Industrial : Recyclable</name>
		<pose>Unspecified</pose>
		<truncated>0</truncated>
		<difficult>0</difficult>
		<bndbox>
			<xmin>69</xmin>
			<ymin>227</ymin>
			<xmax>191</xmax>
			<ymax>290</ymax>
		</bndbox>
	</object>
	<object>
		<name>Industrial : Recyclable</name>
		<pose>Unspecified</pose>
		<truncated>0</truncated>
		<difficult>0</difficult>
		<bndbox>
			<xmin>189</xmin>
			<ymin>318</ymin>
			<xmax>363</xmax>
			<ymax>388</ymax>
		</bndbox>
	</object>
</annotation>
