<annotation>
	<folder>train</folder>
	<filename>image_377.png</filename>
	<path>C:\Users\asus\Downloads\training\images\train\image_377.png</path>
	<source>
		<database>Unknown</database>
	</source>
	<size>
		<width>480</width>
		<height>640</height>
		<depth>3</depth>
	</size>
	<segmented>0</segmented>
	<object>
		<name>Household : Recyclable</name>
		<pose>Unspecified</pose>
		<truncated>0</truncated>
		<difficult>0</difficult>
		<bndbox>
			<xmin>165</xmin>
			<ymin>347</ymin>
			<xmax>258</xmax>
			<ymax>427</ymax>
		</bndbox>
	</object>
	<object>
		<name>Household : Recyclable</name>
		<pose>Unspecified</pose>
		<truncated>0</truncated>
		<difficult>0</difficult>
		<bndbox>
			<xmin>307</xmin>
			<ymin>264</ymin>
			<xmax>365</xmax>
			<ymax>303</ymax>
		</bndbox>
	</object>
	<object>
		<name>Household : General</name>
		<pose>Unspecified</pose>
		<truncated>0</truncated>
		<difficult>0</difficult>
		<bndbox>
			<xmin>315</xmin>
			<ymin>327</ymin>
			<xmax>374</xmax>
			<ymax>363</ymax>
		</bndbox>
	</object>
</annotation>
