<annotation>
	<folder>train</folder>
	<filename>image_313.png</filename>
	<path>C:\Users\asus\Downloads\training\images\train\image_313.png</path>
	<source>
		<database>Unknown</database>
	</source>
	<size>
		<width>480</width>
		<height>640</height>
		<depth>3</depth>
	</size>
	<segmented>0</segmented>
	<object>
		<name>Household : Bio-degradable</name>
		<pose>Unspecified</pose>
		<truncated>0</truncated>
		<difficult>0</difficult>
		<bndbox>
			<xmin>258</xmin>
			<ymin>273</ymin>
			<xmax>311</xmax>
			<ymax>372</ymax>
		</bndbox>
	</object>
	<object>
		<name>Household : General</name>
		<pose>Unspecified</pose>
		<truncated>0</truncated>
		<difficult>0</difficult>
		<bndbox>
			<xmin>170</xmin>
			<ymin>283</ymin>
			<xmax>198</xmax>
			<ymax>308</ymax>
		</bndbox>
	</object>
</annotation>
