<annotation>
	<folder>train</folder>
	<filename>image_312.png</filename>
	<path>C:\Users\asus\Downloads\training\images\train\image_312.png</path>
	<source>
		<database>Unknown</database>
	</source>
	<size>
		<width>640</width>
		<height>480</height>
		<depth>3</depth>
	</size>
	<segmented>0</segmented>
	<object>
		<name>Household : General</name>
		<pose>Unspecified</pose>
		<truncated>0</truncated>
		<difficult>0</difficult>
		<bndbox>
			<xmin>303</xmin>
			<ymin>238</ymin>
			<xmax>363</xmax>
			<ymax>290</ymax>
		</bndbox>
	</object>
	<object>
		<name>Household : Bio-degradable</name>
		<pose>Unspecified</pose>
		<truncated>0</truncated>
		<difficult>0</difficult>
		<bndbox>
			<xmin>318</xmin>
			<ymin>151</ymin>
			<xmax>350</xmax>
			<ymax>207</ymax>
		</bndbox>
	</object>
</annotation>
