<annotation>
	<folder>train</folder>
	<filename>image_302.png</filename>
	<path>C:\Users\asus\Downloads\training\images\train\image_302.png</path>
	<source>
		<database>Unknown</database>
	</source>
	<size>
		<width>480</width>
		<height>640</height>
		<depth>3</depth>
	</size>
	<segmented>0</segmented>
	<object>
		<name>Household : General</name>
		<pose>Unspecified</pose>
		<truncated>0</truncated>
		<difficult>0</difficult>
		<bndbox>
			<xmin>88</xmin>
			<ymin>279</ymin>
			<xmax>189</xmax>
			<ymax>348</ymax>
		</bndbox>
	</object>
	<object>
		<name>Household : General</name>
		<pose>Unspecified</pose>
		<truncated>0</truncated>
		<difficult>0</difficult>
		<bndbox>
			<xmin>373</xmin>
			<ymin>300</ymin>
			<xmax>423</xmax>
			<ymax>363</ymax>
		</bndbox>
	</object>
</annotation>
